[
  {
    "pID": 0,
    "pName": "Timeline Project - 01 June-R1",
    "pStart": "2018/05/01",
    "pEnd": "2019/09/30",
    "pClass": "ggroupblack",
    "pLink": "https://xyz.xyz",
    "pMile": 0,
    "pRes": "Test Resource",
    "pComp": 0,
    "pGroup": 1,
    "pParent": 0,
    "pOpen": 1,
    "pDepend": "",
    "pCaption": "Test Caption",
    "pNotes": "Test Notes"
  },
  {
    "pID": 1,
    "pName": "Project Schedule",
    "pStart": "2018/05/01",
    "pEnd": "2019/09/30",
    "pClass": "ggroupblack",
    "pLink": "https://xyz.xyz",
    "pMile": 0,
    "pRes": "Test Resource",
    "pComp": 0,
    "pGroup": 1,
    "pParent": 0,
    "pOpen": 1,
    "pDepend": "",
    "pCaption": "Test Caption",
    "pNotes": "Test Notes"
  },
  {
    "pID": 2,
    "pName": "Supreme Infrastructure LTD",
    "pStart": "2018/05/01",
    "pEnd": "2019/01/31",
    "pClass": "ggroupblack",
    "pLink": "https://xyz.xyz",
    "pMile": 0,
    "pRes": "Test Resource",
    "pComp": 0,
    "pGroup": 1,
    "pParent": 1,
    "pOpen": 1,
    "pDepend": "",
    "pCaption": "Test Caption",
    "pNotes": "Test Notes"
  },
  {
    "pID": 3,
    "pName": "C1 Building G+7",
    "pStart": "2018/05/01",
    "pEnd": "2019/01/31",
    "pClass": "ggroupblack",
    "pLink": "https://xyz.xyz",
    "pMile": 0,
    "pRes": "Test Resource",
    "pComp": 0,
    "pGroup": 1,
    "pParent": 2,
    "pOpen": 1,
    "pDepend": "",
    "pCaption": "Test Caption",
    "pNotes": "Test Notes"
  },
  {
    "pID": 4,
    "pName": "RCC Upto Plinth",
    "pStart": "2018/05/01",
    "pEnd": "2018/05/01",
    "pClass": "ggroupblack",
    "pLink": "https://xyz.xyz",
    "pMile": 0,
    "pRes": "Test Resource",
    "pComp": 0,
    "pGroup": 1,
    "pParent": 3,
    "pOpen": 1,
    "pDepend": "",
    "pCaption": "Test Caption",
    "pNotes": "Test Notes"
  },
  {
    "pID": 5,
    "pName": "EXCAVATION 2",
    "pStart": "2018/05/01",
    "pEnd": "2018/05/03",
    "pClass": "gtaskblue",
    "pLink": "https://xyz.xyz",
    "pMile": 0,
    "pRes": "Test Resource",
    "pComp": 0,
    "pGroup": 0,
    "pParent": 4,
    "pOpen": 1,
    "pDepend": "",
    "pCaption": "Test Caption",
    "pNotes": "Test Notes"
  },
  {
    "pID": 6,
    "pName": "FOOTING",
    "pStart": "2018/05/01",
    "pEnd": "2018/05/01",
    "pClass": "gtaskblue",
    "pLink": "https://xyz.xyz",
    "pMile": 0,
    "pRes": "Test Resource",
    "pComp": 0,
    "pGroup": 0,
    "pParent": 4,
    "pOpen": 1,
    "pDepend": "",
    "pCaption": "Test Caption",
    "pNotes": "Test Notes"
  },
  {
    "pID": 7,
    "pName": "PLINTH BEAM",
    "pStart": "2018/05/01",
    "pEnd": "2018/05/01",
    "pClass": "gtaskblue",
    "pLink": "https://xyz.xyz",
    "pMile": 0,
    "pRes": "Test Resource",
    "pComp": 0,
    "pGroup": 0,
    "pParent": 4,
    "pOpen": 1,
    "pDepend": "",
    "pCaption": "Test Caption",
    "pNotes": "Test Notes"
  },
  {
    "pID": 8,
    "pName": "RCC SLAB",
    "pStart": "2018/05/01",
    "pEnd": "2018/08/05",
    "pClass": "ggroupblack",
    "pLink": "https://xyz.xyz",
    "pMile": 0,
    "pRes": "Test Resource",
    "pComp": 0,
    "pGroup": 1,
    "pParent": 3,
    "pOpen": 1,
    "pDepend": "",
    "pCaption": "Test Caption",
    "pNotes": "Test Notes"
  },
  {
    "pID": 9,
    "pName": "GROUND / PLIINTH FLOOR",
    "pStart": "2018/05/01",
    "pEnd": "2018/05/01",
    "pClass": "gtaskblue",
    "pLink": "https://xyz.xyz",
    "pMile": 0,
    "pRes": "Test Resource",
    "pComp": 0,
    "pGroup": 0,
    "pParent": 8,
    "pOpen": 1,
    "pDepend": "",
    "pCaption": "Test Caption",
    "pNotes": "Test Notes"
  },
  {
    "pID": 10,
    "pName": "01 FLOOR",
    "pStart": "2018/05/01",
    "pEnd": "2018/05/01",
    "pClass": "gtaskblue",
    "pLink": "https://xyz.xyz",
    "pMile": 0,
    "pRes": "Test Resource",
    "pComp": 0,
    "pGroup": 0,
    "pParent": 8,
    "pOpen": 1,
    "pDepend": "",
    "pCaption": "Test Caption",
    "pNotes": "Test Notes"
  },
  {
    "pID": 11,
    "pName": "02 FLOOR",
    "pStart": "2018/05/01",
    "pEnd": "2018/05/01",
    "pClass": "gtaskblue",
    "pLink": "https://xyz.xyz",
    "pMile": 0,
    "pRes": "Test Resource",
    "pComp": 0,
    "pGroup": 0,
    "pParent": 8,
    "pOpen": 1,
    "pDepend": "",
    "pCaption": "Test Caption",
    "pNotes": "Test Notes"
  },
  {
    "pID": 12,
    "pName": "03 FLOOR",
    "pStart": "2018/05/01",
    "pEnd": "2018/05/01",
    "pClass": "gtaskblue",
    "pLink": "https://xyz.xyz",
    "pMile": 0,
    "pRes": "Test Resource",
    "pComp": 0,
    "pGroup": 0,
    "pParent": 8,
    "pOpen": 1,
    "pDepend": "",
    "pCaption": "Test Caption",
    "pNotes": "Test Notes"
  },
  {
    "pID": 13,
    "pName": "04 FLOOR",
    "pStart": "2018/05/01",
    "pEnd": "2018/05/01",
    "pClass": "gtaskblue",
    "pLink": "https://xyz.xyz",
    "pMile": 0,
    "pRes": "Test Resource",
    "pComp": 0,
    "pGroup": 0,
    "pParent": 8,
    "pOpen": 1,
    "pDepend": "",
    "pCaption": "Test Caption",
    "pNotes": "Test Notes"
  },
  {
    "pID": 14,
    "pName": "05 FLOOR",
    "pStart": "2018/05/01",
    "pEnd": "2018/05/01",
    "pClass": "gtaskblue",
    "pLink": "https://xyz.xyz",
    "pMile": 0,
    "pRes": "Test Resource",
    "pComp": 0,
    "pGroup": 0,
    "pParent": 8,
    "pOpen": 1,
    "pDepend": "",
    "pCaption": "Test Caption",
    "pNotes": "Test Notes"
  },
  {
    "pID": 15,
    "pName": "06 FLOOR",
    "pStart": "2018/05/01",
    "pEnd": "2018/05/01",
    "pClass": "gtaskblue",
    "pLink": "https://xyz.xyz",
    "pMile": 0,
    "pRes": "Test Resource",
    "pComp": 0,
    "pGroup": 0,
    "pParent": 8,
    "pOpen": 1,
    "pDepend": "",
    "pCaption": "Test Caption",
    "pNotes": "Test Notes"
  },
  {
    "pID": 16,
    "pName": "07 FLOOR",
    "pStart": "2018/05/02",
    "pEnd": "2018/06/10",
    "pClass": "gtaskblue",
    "pLink": "https://xyz.xyz",
    "pMile": 0,
    "pRes": "Test Resource",
    "pComp": 0,
    "pGroup": 0,
    "pParent": 8,
    "pOpen": 1,
    "pDepend": "",
    "pCaption": "Test Caption",
    "pNotes": "Test Notes"
  },
  {
    "pID": 17,
    "pName": "08 FLOOR (TERRACE FLOOR)",
    "pStart": "2018/06/11",
    "pEnd": "2018/07/06",
    "pClass": "gtaskblue",
    "pLink": "https://xyz.xyz",
    "pMile": 0,
    "pRes": "Test Resource",
    "pComp": 0,
    "pGroup": 0,
    "pParent": 8,
    "pOpen": 1,
    "pDepend": "16,",
    "pCaption": "Test Caption",
    "pNotes": "Test Notes"
  },
  {
    "pID": 18,
    "pName": "RCC  WATER TANK",
    "pStart": "2018/07/07",
    "pEnd": "2018/08/05",
    "pClass": "gtaskblue",
    "pLink": "https://xyz.xyz",
    "pMile": 0,
    "pRes": "Test Resource",
    "pComp": 0,
    "pGroup": 0,
    "pParent": 8,
    "pOpen": 1,
    "pDepend": "17,",
    "pCaption": "Test Caption",
    "pNotes": "Test Notes"
  },
  {
    "pID": 19,
    "pName": "RCC  PARAPET",
    "pStart": "2018/07/07",
    "pEnd": "2018/07/31",
    "pClass": "gtaskblue",
    "pLink": "https://xyz.xyz",
    "pMile": 0,
    "pRes": "Test Resource",
    "pComp": 0,
    "pGroup": 0,
    "pParent": 8,
    "pOpen": 1,
    "pDepend": "17,",
    "pCaption": "Test Caption",
    "pNotes": "Test Notes"
  },
  {
    "pID": 20,
    "pName": "BLOCKWORK",
    "pStart": "2018/05/17",
    "pEnd": "2018/09/26",
    "pClass": "ggroupblack",
    "pLink": "https://xyz.xyz",
    "pMile": 0,
    "pRes": "Test Resource",
    "pComp": 0,
    "pGroup": 1,
    "pParent": 3,
    "pOpen": 1,
    "pDepend": "",
    "pCaption": "Test Caption",
    "pNotes": "Test Notes"
  },
  {
    "pID": 21,
    "pName": "GROUND FLOOR",
    "pStart": "2018/09/11",
    "pEnd": "2018/09/26",
    "pClass": "gtaskblue",
    "pLink": "https://xyz.xyz",
    "pMile": 0,
    "pRes": "Test Resource",
    "pComp": 0,
    "pGroup": 0,
    "pParent": 20,
    "pOpen": 1,
    "pDepend": "28,",
    "pCaption": "Test Caption",
    "pNotes": "Test Notes"
  },
  {
    "pID": 22,
    "pName": "01 FLOOR",
    "pStart": "2018/05/17",
    "pEnd": "2018/06/10",
    "pClass": "gtaskblue",
    "pLink": "https://xyz.xyz",
    "pMile": 0,
    "pRes": "Test Resource",
    "pComp": 0,
    "pGroup": 0,
    "pParent": 20,
    "pOpen": 1,
    "pDepend": "12,11,",
    "pCaption": "Test Caption",
    "pNotes": "Test Notes"
  },
  {
    "pID": 23,
    "pName": "02 FLOOR",
    "pStart": "2018/06/11",
    "pEnd": "2018/06/26",
    "pClass": "gtaskblue",
    "pLink": "https://xyz.xyz",
    "pMile": 0,
    "pRes": "Test Resource",
    "pComp": 0,
    "pGroup": 0,
    "pParent": 20,
    "pOpen": 1,
    "pDepend": "22,",
    "pCaption": "Test Caption",
    "pNotes": "Test Notes"
  },
  {
    "pID": 24,
    "pName": "03 FLOOR",
    "pStart": "2018/06/27",
    "pEnd": "2018/07/11",
    "pClass": "gtaskblue",
    "pLink": "https://xyz.xyz",
    "pMile": 0,
    "pRes": "Test Resource",
    "pComp": 0,
    "pGroup": 0,
    "pParent": 20,
    "pOpen": 1,
    "pDepend": "23,",
    "pCaption": "Test Caption",
    "pNotes": "Test Notes"
  },
  {
    "pID": 25,
    "pName": "04 FLOOR",
    "pStart": "2018/07/12",
    "pEnd": "2018/07/26",
    "pClass": "gtaskblue",
    "pLink": "https://xyz.xyz",
    "pMile": 0,
    "pRes": "Test Resource",
    "pComp": 0,
    "pGroup": 0,
    "pParent": 20,
    "pOpen": 1,
    "pDepend": "24,",
    "pCaption": "Test Caption",
    "pNotes": "Test Notes"
  },
  {
    "pID": 26,
    "pName": "05 FLOOR",
    "pStart": "2018/07/27",
    "pEnd": "2018/08/10",
    "pClass": "gtaskblue",
    "pLink": "https://xyz.xyz",
    "pMile": 0,
    "pRes": "Test Resource",
    "pComp": 0,
    "pGroup": 0,
    "pParent": 20,
    "pOpen": 1,
    "pDepend": "25,",
    "pCaption": "Test Caption",
    "pNotes": "Test Notes"
  },
  {
    "pID": 27,
    "pName": "06 FLOOR",
    "pStart": "2018/08/11",
    "pEnd": "2018/08/26",
    "pClass": "gtaskblue",
    "pLink": "https://xyz.xyz",
    "pMile": 0,
    "pRes": "Test Resource",
    "pComp": 0,
    "pGroup": 0,
    "pParent": 20,
    "pOpen": 1,
    "pDepend": "26,",
    "pCaption": "Test Caption",
    "pNotes": "Test Notes"
  },
  {
    "pID": 28,
    "pName": "07 FLOOR",
    "pStart": "2018/08/27",
    "pEnd": "2018/09/10",
    "pClass": "gtaskblue",
    "pLink": "https://xyz.xyz",
    "pMile": 0,
    "pRes": "Test Resource",
    "pComp": 0,
    "pGroup": 0,
    "pParent": 20,
    "pOpen": 1,
    "pDepend": "27,",
    "pCaption": "Test Caption",
    "pNotes": "Test Notes"
  },
  {
    "pID": 29,
    "pName": "INT PLASTER ",
    "pStart": "2018/06/27",
    "pEnd": "2018/10/01",
    "pClass": "ggroupblack",
    "pLink": "https://xyz.xyz",
    "pMile": 0,
    "pRes": "Test Resource",
    "pComp": 0,
    "pGroup": 1,
    "pParent": 3,
    "pOpen": 1,
    "pDepend": "",
    "pCaption": "Test Caption",
    "pNotes": "Test Notes"
  },
  {
    "pID": 30,
    "pName": "GROUND FLOOR",
    "pStart": "2018/09/22",
    "pEnd": "2018/10/01",
    "pClass": "gtaskblue",
    "pLink": "https://xyz.xyz",
    "pMile": 0,
    "pRes": "Test Resource",
    "pComp": 0,
    "pGroup": 0,
    "pParent": 29,
    "pOpen": 1,
    "pDepend": "37,",
    "pCaption": "Test Caption",
    "pNotes": "Test Notes"
  },
  {
    "pID": 31,
    "pName": "01 FLOOR",
    "pStart": "2018/06/27",
    "pEnd": "2018/07/11",
    "pClass": "gtaskblue",
    "pLink": "https://xyz.xyz",
    "pMile": 0,
    "pRes": "Test Resource",
    "pComp": 0,
    "pGroup": 0,
    "pParent": 29,
    "pOpen": 1,
    "pDepend": "23,",
    "pCaption": "Test Caption",
    "pNotes": "Test Notes"
  },
  {
    "pID": 32,
    "pName": "02 FLOOR",
    "pStart": "2018/07/12",
    "pEnd": "2018/07/21",
    "pClass": "gtaskblue",
    "pLink": "https://xyz.xyz",
    "pMile": 0,
    "pRes": "Test Resource",
    "pComp": 0,
    "pGroup": 0,
    "pParent": 29,
    "pOpen": 1,
    "pDepend": "31,23,",
    "pCaption": "Test Caption",
    "pNotes": "Test Notes"
  },
  {
    "pID": 33,
    "pName": "03 FLOOR",
    "pStart": "2018/07/22",
    "pEnd": "2018/07/31",
    "pClass": "gtaskblue",
    "pLink": "https://xyz.xyz",
    "pMile": 0,
    "pRes": "Test Resource",
    "pComp": 0,
    "pGroup": 0,
    "pParent": 29,
    "pOpen": 1,
    "pDepend": "32,24,",
    "pCaption": "Test Caption",
    "pNotes": "Test Notes"
  },
  {
    "pID": 34,
    "pName": "04 FLOOR",
    "pStart": "2018/08/01",
    "pEnd": "2018/08/10",
    "pClass": "gtaskblue",
    "pLink": "https://xyz.xyz",
    "pMile": 0,
    "pRes": "Test Resource",
    "pComp": 0,
    "pGroup": 0,
    "pParent": 29,
    "pOpen": 1,
    "pDepend": "33,25,",
    "pCaption": "Test Caption",
    "pNotes": "Test Notes"
  },
  {
    "pID": 35,
    "pName": "05 FLOOR",
    "pStart": "2018/08/11",
    "pEnd": "2018/08/21",
    "pClass": "gtaskblue",
    "pLink": "https://xyz.xyz",
    "pMile": 0,
    "pRes": "Test Resource",
    "pComp": 0,
    "pGroup": 0,
    "pParent": 29,
    "pOpen": 1,
    "pDepend": "34,26,",
    "pCaption": "Test Caption",
    "pNotes": "Test Notes"
  },
  {
    "pID": 36,
    "pName": "06 FLOOR",
    "pStart": "2018/08/27",
    "pEnd": "2018/09/05",
    "pClass": "gtaskblue",
    "pLink": "https://xyz.xyz",
    "pMile": 0,
    "pRes": "Test Resource",
    "pComp": 0,
    "pGroup": 0,
    "pParent": 29,
    "pOpen": 1,
    "pDepend": "35,27,",
    "pCaption": "Test Caption",
    "pNotes": "Test Notes"
  },
  {
    "pID": 37,
    "pName": "07 FLOOR",
    "pStart": "2018/09/11",
    "pEnd": "2018/09/21",
    "pClass": "gtaskblue",
    "pLink": "https://xyz.xyz",
    "pMile": 0,
    "pRes": "Test Resource",
    "pComp": 0,
    "pGroup": 0,
    "pParent": 29,
    "pOpen": 1,
    "pDepend": "36,28,",
    "pCaption": "Test Caption",
    "pNotes": "Test Notes"
  },
  {
    "pID": 38,
    "pName": "GYP WORK / PUTTY",
    "pStart": "2018/06/27",
    "pEnd": "2018/10/01",
    "pClass": "ggroupblack",
    "pLink": "https://xyz.xyz",
    "pMile": 0,
    "pRes": "Test Resource",
    "pComp": 0,
    "pGroup": 1,
    "pParent": 3,
    "pOpen": 1,
    "pDepend": "",
    "pCaption": "Test Caption",
    "pNotes": "Test Notes"
  },
  {
    "pID": 39,
    "pName": "GROUND FLOOR",
    "pStart": "2018/09/22",
    "pEnd": "2018/10/01",
    "pClass": "gtaskblue",
    "pLink": "https://xyz.xyz",
    "pMile": 0,
    "pRes": "Test Resource",
    "pComp": 0,
    "pGroup": 0,
    "pParent": 38,
    "pOpen": 1,
    "pDepend": "46,",
    "pCaption": "Test Caption",
    "pNotes": "Test Notes"
  },
  {
    "pID": 40,
    "pName": "01 FLOOR",
    "pStart": "2018/06/27",
    "pEnd": "2018/07/11",
    "pClass": "gtaskblue",
    "pLink": "https://xyz.xyz",
    "pMile": 0,
    "pRes": "Test Resource",
    "pComp": 0,
    "pGroup": 0,
    "pParent": 38,
    "pOpen": 1,
    "pDepend": "23,",
    "pCaption": "Test Caption",
    "pNotes": "Test Notes"
  },
  {
    "pID": 41,
    "pName": "02 FLOOR",
    "pStart": "2018/07/12",
    "pEnd": "2018/07/21",
    "pClass": "gtaskblue",
    "pLink": "https://xyz.xyz",
    "pMile": 0,
    "pRes": "Test Resource",
    "pComp": 0,
    "pGroup": 0,
    "pParent": 38,
    "pOpen": 1,
    "pDepend": "40,23,",
    "pCaption": "Test Caption",
    "pNotes": "Test Notes"
  },
  {
    "pID": 42,
    "pName": "03 FLOOR",
    "pStart": "2018/07/22",
    "pEnd": "2018/07/31",
    "pClass": "gtaskblue",
    "pLink": "https://xyz.xyz",
    "pMile": 0,
    "pRes": "Test Resource",
    "pComp": 0,
    "pGroup": 0,
    "pParent": 38,
    "pOpen": 1,
    "pDepend": "41,24,",
    "pCaption": "Test Caption",
    "pNotes": "Test Notes"
  },
  {
    "pID": 43,
    "pName": "04 FLOOR",
    "pStart": "2018/08/01",
    "pEnd": "2018/08/10",
    "pClass": "gtaskblue",
    "pLink": "https://xyz.xyz",
    "pMile": 0,
    "pRes": "Test Resource",
    "pComp": 0,
    "pGroup": 0,
    "pParent": 38,
    "pOpen": 1,
    "pDepend": "42,25,",
    "pCaption": "Test Caption",
    "pNotes": "Test Notes"
  },
  {
    "pID": 44,
    "pName": "05 FLOOR",
    "pStart": "2018/08/11",
    "pEnd": "2018/08/21",
    "pClass": "gtaskblue",
    "pLink": "https://xyz.xyz",
    "pMile": 0,
    "pRes": "Test Resource",
    "pComp": 0,
    "pGroup": 0,
    "pParent": 38,
    "pOpen": 1,
    "pDepend": "43,26,",
    "pCaption": "Test Caption",
    "pNotes": "Test Notes"
  },
  {
    "pID": 45,
    "pName": "06 FLOOR",
    "pStart": "2018/08/27",
    "pEnd": "2018/09/05",
    "pClass": "gtaskblue",
    "pLink": "https://xyz.xyz",
    "pMile": 0,
    "pRes": "Test Resource",
    "pComp": 0,
    "pGroup": 0,
    "pParent": 38,
    "pOpen": 1,
    "pDepend": "44,27,",
    "pCaption": "Test Caption",
    "pNotes": "Test Notes"
  },
  {
    "pID": 46,
    "pName": "07 FLOOR",
    "pStart": "2018/09/11",
    "pEnd": "2018/09/21",
    "pClass": "gtaskblue",
    "pLink": "https://xyz.xyz",
    "pMile": 0,
    "pRes": "Test Resource",
    "pComp": 0,
    "pGroup": 0,
    "pParent": 38,
    "pOpen": 1,
    "pDepend": "45,28,",
    "pCaption": "Test Caption",
    "pNotes": "Test Notes"
  },
  {
    "pID": 47,
    "pName": "WATERPROOFING",
    "pStart": "2018/07/07",
    "pEnd": "2018/10/17",
    "pClass": "ggroupblack",
    "pLink": "https://xyz.xyz",
    "pMile": 0,
    "pRes": "Test Resource",
    "pComp": 0,
    "pGroup": 1,
    "pParent": 3,
    "pOpen": 1,
    "pDepend": "",
    "pCaption": "Test Caption",
    "pNotes": "Test Notes"
  },
  {
    "pID": 48,
    "pName": "GROUND FLOOR",
    "pStart": "2018/09/16",
    "pEnd": "2018/09/26",
    "pClass": "gtaskblue",
    "pLink": "https://xyz.xyz",
    "pMile": 0,
    "pRes": "Test Resource",
    "pComp": 0,
    "pGroup": 0,
    "pParent": 47,
    "pOpen": 1,
    "pDepend": "55,",
    "pCaption": "Test Caption",
    "pNotes": "Test Notes"
  },
  {
    "pID": 49,
    "pName": "01 FLOOR",
    "pStart": "2018/07/07",
    "pEnd": "2018/07/16",
    "pClass": "gtaskblue",
    "pLink": "https://xyz.xyz",
    "pMile": 0,
    "pRes": "Test Resource",
    "pComp": 0,
    "pGroup": 0,
    "pParent": 47,
    "pOpen": 1,
    "pDepend": "31SS,",
    "pCaption": "Test Caption",
    "pNotes": "Test Notes"
  },
  {
    "pID": 50,
    "pName": "02 FLOOR",
    "pStart": "2018/07/17",
    "pEnd": "2018/07/26",
    "pClass": "gtaskblue",
    "pLink": "https://xyz.xyz",
    "pMile": 0,
    "pRes": "Test Resource",
    "pComp": 0,
    "pGroup": 0,
    "pParent": 47,
    "pOpen": 1,
    "pDepend": "49,",
    "pCaption": "Test Caption",
    "pNotes": "Test Notes"
  },
  {
    "pID": 51,
    "pName": "03 FLOOR",
    "pStart": "2018/07/27",
    "pEnd": "2018/08/05",
    "pClass": "gtaskblue",
    "pLink": "https://xyz.xyz",
    "pMile": 0,
    "pRes": "Test Resource",
    "pComp": 0,
    "pGroup": 0,
    "pParent": 47,
    "pOpen": 1,
    "pDepend": "50,",
    "pCaption": "Test Caption",
    "pNotes": "Test Notes"
  },
  {
    "pID": 52,
    "pName": "04 FLOOR",
    "pStart": "2018/08/06",
    "pEnd": "2018/08/16",
    "pClass": "gtaskblue",
    "pLink": "https://xyz.xyz",
    "pMile": 0,
    "pRes": "Test Resource",
    "pComp": 0,
    "pGroup": 0,
    "pParent": 47,
    "pOpen": 1,
    "pDepend": "51,",
    "pCaption": "Test Caption",
    "pNotes": "Test Notes"
  },
  {
    "pID": 53,
    "pName": "05 FLOOR",
    "pStart": "2018/08/17",
    "pEnd": "2018/08/26",
    "pClass": "gtaskblue",
    "pLink": "https://xyz.xyz",
    "pMile": 0,
    "pRes": "Test Resource",
    "pComp": 0,
    "pGroup": 0,
    "pParent": 47,
    "pOpen": 1,
    "pDepend": "52,",
    "pCaption": "Test Caption",
    "pNotes": "Test Notes"
  },
  {
    "pID": 54,
    "pName": "06 FLOOR",
    "pStart": "2018/08/27",
    "pEnd": "2018/09/05",
    "pClass": "gtaskblue",
    "pLink": "https://xyz.xyz",
    "pMile": 0,
    "pRes": "Test Resource",
    "pComp": 0,
    "pGroup": 0,
    "pParent": 47,
    "pOpen": 1,
    "pDepend": "53,",
    "pCaption": "Test Caption",
    "pNotes": "Test Notes"
  },
  {
    "pID": 55,
    "pName": "07 FLOOR",
    "pStart": "2018/09/06",
    "pEnd": "2018/09/15",
    "pClass": "gtaskblue",
    "pLink": "https://xyz.xyz",
    "pMile": 0,
    "pRes": "Test Resource",
    "pComp": 0,
    "pGroup": 0,
    "pParent": 47,
    "pOpen": 1,
    "pDepend": "54,",
    "pCaption": "Test Caption",
    "pNotes": "Test Notes"
  },
  {
    "pID": 56,
    "pName": "WATERPROOFING -BRICKBAT,SCREED",
    "pStart": "2018/09/16",
    "pEnd": "2018/10/17",
    "pClass": "gtaskblue",
    "pLink": "https://xyz.xyz",
    "pMile": 0,
    "pRes": "Test Resource",
    "pComp": 0,
    "pGroup": 0,
    "pParent": 47,
    "pOpen": 1,
    "pDepend": "55,",
    "pCaption": "Test Caption",
    "pNotes": "Test Notes"
  },
  {
    "pID": 57,
    "pName": "WATERPROOFING - WATER TANK",
    "pStart": "2018/09/16",
    "pEnd": "2018/10/17",
    "pClass": "gtaskblue",
    "pLink": "https://xyz.xyz",
    "pMile": 0,
    "pRes": "Test Resource",
    "pComp": 0,
    "pGroup": 0,
    "pParent": 47,
    "pOpen": 1,
    "pDepend": "55,",
    "pCaption": "Test Caption",
    "pNotes": "Test Notes"
  },
  {
    "pID": 58,
    "pName": "TILING",
    "pStart": "2018/08/01",
    "pEnd": "2018/10/23",
    "pClass": "ggroupblack",
    "pLink": "https://xyz.xyz",
    "pMile": 0,
    "pRes": "Test Resource",
    "pComp": 0,
    "pGroup": 1,
    "pParent": 3,
    "pOpen": 1,
    "pDepend": "",
    "pCaption": "Test Caption",
    "pNotes": "Test Notes"
  },
  {
    "pID": 59,
    "pName": "GROUND FLOOR",
    "pStart": "2018/10/13",
    "pEnd": "2018/10/23",
    "pClass": "gtaskblue",
    "pLink": "https://xyz.xyz",
    "pMile": 0,
    "pRes": "Test Resource",
    "pComp": 0,
    "pGroup": 0,
    "pParent": 58,
    "pOpen": 1,
    "pDepend": "39,",
    "pCaption": "Test Caption",
    "pNotes": "Test Notes"
  },
  {
    "pID": 60,
    "pName": "01 FLOOR",
    "pStart": "2018/08/01",
    "pEnd": "2018/08/10",
    "pClass": "gtaskblue",
    "pLink": "https://xyz.xyz",
    "pMile": 0,
    "pRes": "Test Resource",
    "pComp": 0,
    "pGroup": 0,
    "pParent": 58,
    "pOpen": 1,
    "pDepend": "42,",
    "pCaption": "Test Caption",
    "pNotes": "Test Notes"
  },
  {
    "pID": 61,
    "pName": "02 FLOOR",
    "pStart": "2018/08/11",
    "pEnd": "2018/08/21",
    "pClass": "gtaskblue",
    "pLink": "https://xyz.xyz",
    "pMile": 0,
    "pRes": "Test Resource",
    "pComp": 0,
    "pGroup": 0,
    "pParent": 58,
    "pOpen": 1,
    "pDepend": "60,",
    "pCaption": "Test Caption",
    "pNotes": "Test Notes"
  },
  {
    "pID": 62,
    "pName": "03 FLOOR",
    "pStart": "2018/08/22",
    "pEnd": "2018/08/31",
    "pClass": "gtaskblue",
    "pLink": "https://xyz.xyz",
    "pMile": 0,
    "pRes": "Test Resource",
    "pComp": 0,
    "pGroup": 0,
    "pParent": 58,
    "pOpen": 1,
    "pDepend": "61,",
    "pCaption": "Test Caption",
    "pNotes": "Test Notes"
  },
  {
    "pID": 63,
    "pName": "04 FLOOR",
    "pStart": "2018/09/01",
    "pEnd": "2018/09/10",
    "pClass": "gtaskblue",
    "pLink": "https://xyz.xyz",
    "pMile": 0,
    "pRes": "Test Resource",
    "pComp": 0,
    "pGroup": 0,
    "pParent": 58,
    "pOpen": 1,
    "pDepend": "62,",
    "pCaption": "Test Caption",
    "pNotes": "Test Notes"
  },
  {
    "pID": 64,
    "pName": "05 FLOOR",
    "pStart": "2018/09/11",
    "pEnd": "2018/09/21",
    "pClass": "gtaskblue",
    "pLink": "https://xyz.xyz",
    "pMile": 0,
    "pRes": "Test Resource",
    "pComp": 0,
    "pGroup": 0,
    "pParent": 58,
    "pOpen": 1,
    "pDepend": "63,",
    "pCaption": "Test Caption",
    "pNotes": "Test Notes"
  },
  {
    "pID": 65,
    "pName": "06 FLOOR",
    "pStart": "2018/09/22",
    "pEnd": "2018/10/01",
    "pClass": "gtaskblue",
    "pLink": "https://xyz.xyz",
    "pMile": 0,
    "pRes": "Test Resource",
    "pComp": 0,
    "pGroup": 0,
    "pParent": 58,
    "pOpen": 1,
    "pDepend": "64,",
    "pCaption": "Test Caption",
    "pNotes": "Test Notes"
  },
  {
    "pID": 66,
    "pName": "07 FLOOR",
    "pStart": "2018/10/03",
    "pEnd": "2018/10/12",
    "pClass": "gtaskblue",
    "pLink": "https://xyz.xyz",
    "pMile": 0,
    "pRes": "Test Resource",
    "pComp": 0,
    "pGroup": 0,
    "pParent": 58,
    "pOpen": 1,
    "pDepend": "65,",
    "pCaption": "Test Caption",
    "pNotes": "Test Notes"
  },
  {
    "pID": 67,
    "pName": "ALUMINIUM WINDOWS",
    "pStart": "2018/08/11",
    "pEnd": "2018/11/15",
    "pClass": "ggroupblack",
    "pLink": "https://xyz.xyz",
    "pMile": 0,
    "pRes": "Test Resource",
    "pComp": 0,
    "pGroup": 1,
    "pParent": 3,
    "pOpen": 1,
    "pDepend": "",
    "pCaption": "Test Caption",
    "pNotes": "Test Notes"
  },
  {
    "pID": 68,
    "pName": "GROUND FLOOR",
    "pStart": "2018/11/03",
    "pEnd": "2018/11/15",
    "pClass": "gtaskblue",
    "pLink": "https://xyz.xyz",
    "pMile": 0,
    "pRes": "Test Resource",
    "pComp": 0,
    "pGroup": 0,
    "pParent": 67,
    "pOpen": 1,
    "pDepend": "59,",
    "pCaption": "Test Caption",
    "pNotes": "Test Notes"
  },
  {
    "pID": 69,
    "pName": "01 FLOOR",
    "pStart": "2018/08/11",
    "pEnd": "2018/08/21",
    "pClass": "gtaskblue",
    "pLink": "https://xyz.xyz",
    "pMile": 0,
    "pRes": "Test Resource",
    "pComp": 0,
    "pGroup": 0,
    "pParent": 67,
    "pOpen": 1,
    "pDepend": "60,",
    "pCaption": "Test Caption",
    "pNotes": "Test Notes"
  },
  {
    "pID": 70,
    "pName": "02 FLOOR",
    "pStart": "2018/08/22",
    "pEnd": "2018/08/31",
    "pClass": "gtaskblue",
    "pLink": "https://xyz.xyz",
    "pMile": 0,
    "pRes": "Test Resource",
    "pComp": 0,
    "pGroup": 0,
    "pParent": 67,
    "pOpen": 1,
    "pDepend": "61,",
    "pCaption": "Test Caption",
    "pNotes": "Test Notes"
  },
  {
    "pID": 71,
    "pName": "03 FLOOR",
    "pStart": "2018/09/01",
    "pEnd": "2018/09/10",
    "pClass": "gtaskblue",
    "pLink": "https://xyz.xyz",
    "pMile": 0,
    "pRes": "Test Resource",
    "pComp": 0,
    "pGroup": 0,
    "pParent": 67,
    "pOpen": 1,
    "pDepend": "62,",
    "pCaption": "Test Caption",
    "pNotes": "Test Notes"
  },
  {
    "pID": 72,
    "pName": "04 FLOOR",
    "pStart": "2018/09/11",
    "pEnd": "2018/09/21",
    "pClass": "gtaskblue",
    "pLink": "https://xyz.xyz",
    "pMile": 0,
    "pRes": "Test Resource",
    "pComp": 0,
    "pGroup": 0,
    "pParent": 67,
    "pOpen": 1,
    "pDepend": "63,",
    "pCaption": "Test Caption",
    "pNotes": "Test Notes"
  },
  {
    "pID": 73,
    "pName": "05 FLOOR",
    "pStart": "2018/09/22",
    "pEnd": "2018/10/01",
    "pClass": "gtaskblue",
    "pLink": "https://xyz.xyz",
    "pMile": 0,
    "pRes": "Test Resource",
    "pComp": 0,
    "pGroup": 0,
    "pParent": 67,
    "pOpen": 1,
    "pDepend": "64,",
    "pCaption": "Test Caption",
    "pNotes": "Test Notes"
  },
  {
    "pID": 74,
    "pName": "06 FLOOR",
    "pStart": "2018/10/03",
    "pEnd": "2018/10/12",
    "pClass": "gtaskblue",
    "pLink": "https://xyz.xyz",
    "pMile": 0,
    "pRes": "Test Resource",
    "pComp": 0,
    "pGroup": 0,
    "pParent": 67,
    "pOpen": 1,
    "pDepend": "65,",
    "pCaption": "Test Caption",
    "pNotes": "Test Notes"
  },
  {
    "pID": 75,
    "pName": "07 FLOOR",
    "pStart": "2018/10/13",
    "pEnd": "2018/10/23",
    "pClass": "gtaskblue",
    "pLink": "https://xyz.xyz",
    "pMile": 0,
    "pRes": "Test Resource",
    "pComp": 0,
    "pGroup": 0,
    "pParent": 67,
    "pOpen": 1,
    "pDepend": "66,",
    "pCaption": "Test Caption",
    "pNotes": "Test Notes"
  },
  {
    "pID": 76,
    "pName": "DOORS",
    "pStart": "2018/08/11",
    "pEnd": "2018/11/15",
    "pClass": "ggroupblack",
    "pLink": "https://xyz.xyz",
    "pMile": 0,
    "pRes": "Test Resource",
    "pComp": 0,
    "pGroup": 1,
    "pParent": 3,
    "pOpen": 1,
    "pDepend": "",
    "pCaption": "Test Caption",
    "pNotes": "Test Notes"
  },
  {
    "pID": 77,
    "pName": "GROUND FLOOR",
    "pStart": "2018/11/03",
    "pEnd": "2018/11/15",
    "pClass": "gtaskblue",
    "pLink": "https://xyz.xyz",
    "pMile": 0,
    "pRes": "Test Resource",
    "pComp": 0,
    "pGroup": 0,
    "pParent": 76,
    "pOpen": 1,
    "pDepend": "68SS,",
    "pCaption": "Test Caption",
    "pNotes": "Test Notes"
  },
  {
    "pID": 78,
    "pName": "01 FLOOR",
    "pStart": "2018/08/11",
    "pEnd": "2018/08/21",
    "pClass": "gtaskblue",
    "pLink": "https://xyz.xyz",
    "pMile": 0,
    "pRes": "Test Resource",
    "pComp": 0,
    "pGroup": 0,
    "pParent": 76,
    "pOpen": 1,
    "pDepend": "69SS,",
    "pCaption": "Test Caption",
    "pNotes": "Test Notes"
  },
  {
    "pID": 79,
    "pName": "02 FLOOR",
    "pStart": "2018/08/22",
    "pEnd": "2018/08/31",
    "pClass": "gtaskblue",
    "pLink": "https://xyz.xyz",
    "pMile": 0,
    "pRes": "Test Resource",
    "pComp": 0,
    "pGroup": 0,
    "pParent": 76,
    "pOpen": 1,
    "pDepend": "70SS,",
    "pCaption": "Test Caption",
    "pNotes": "Test Notes"
  },
  {
    "pID": 80,
    "pName": "03 FLOOR",
    "pStart": "2018/09/01",
    "pEnd": "2018/09/10",
    "pClass": "gtaskblue",
    "pLink": "https://xyz.xyz",
    "pMile": 0,
    "pRes": "Test Resource",
    "pComp": 0,
    "pGroup": 0,
    "pParent": 76,
    "pOpen": 1,
    "pDepend": "71SS,",
    "pCaption": "Test Caption",
    "pNotes": "Test Notes"
  },
  {
    "pID": 81,
    "pName": "04 FLOOR",
    "pStart": "2018/09/11",
    "pEnd": "2018/09/21",
    "pClass": "gtaskblue",
    "pLink": "https://xyz.xyz",
    "pMile": 0,
    "pRes": "Test Resource",
    "pComp": 0,
    "pGroup": 0,
    "pParent": 76,
    "pOpen": 1,
    "pDepend": "72SS,",
    "pCaption": "Test Caption",
    "pNotes": "Test Notes"
  },
  {
    "pID": 82,
    "pName": "05 FLOOR",
    "pStart": "2018/09/22",
    "pEnd": "2018/10/01",
    "pClass": "gtaskblue",
    "pLink": "https://xyz.xyz",
    "pMile": 0,
    "pRes": "Test Resource",
    "pComp": 0,
    "pGroup": 0,
    "pParent": 76,
    "pOpen": 1,
    "pDepend": "73SS,",
    "pCaption": "Test Caption",
    "pNotes": "Test Notes"
  },
  {
    "pID": 83,
    "pName": "06 FLOOR",
    "pStart": "2018/10/03",
    "pEnd": "2018/10/12",
    "pClass": "gtaskblue",
    "pLink": "https://xyz.xyz",
    "pMile": 0,
    "pRes": "Test Resource",
    "pComp": 0,
    "pGroup": 0,
    "pParent": 76,
    "pOpen": 1,
    "pDepend": "74SS,",
    "pCaption": "Test Caption",
    "pNotes": "Test Notes"
  },
  {
    "pID": 84,
    "pName": "07 FLOOR",
    "pStart": "2018/10/13",
    "pEnd": "2018/10/23",
    "pClass": "gtaskblue",
    "pLink": "https://xyz.xyz",
    "pMile": 0,
    "pRes": "Test Resource",
    "pComp": 0,
    "pGroup": 0,
    "pParent": 76,
    "pOpen": 1,
    "pDepend": "75SS,",
    "pCaption": "Test Caption",
    "pNotes": "Test Notes"
  },
  {
    "pID": 85,
    "pName": "FABRICATION",
    "pStart": "2018/11/03",
    "pEnd": "2018/12/31",
    "pClass": "ggroupblack",
    "pLink": "https://xyz.xyz",
    "pMile": 0,
    "pRes": "Test Resource",
    "pComp": 0,
    "pGroup": 1,
    "pParent": 3,
    "pOpen": 1,
    "pDepend": "",
    "pCaption": "Test Caption",
    "pNotes": "Test Notes"
  },
  {
    "pID": 86,
    "pName": "GROUND FLOOR",
    "pStart": "2018/11/03",
    "pEnd": "2018/11/12",
    "pClass": "gtaskblue",
    "pLink": "https://xyz.xyz",
    "pMile": 0,
    "pRes": "Test Resource",
    "pComp": 0,
    "pGroup": 0,
    "pParent": 85,
    "pOpen": 1,
    "pDepend": "77SS,",
    "pCaption": "Test Caption",
    "pNotes": "Test Notes"
  },
  {
    "pID": 87,
    "pName": "01 FLOOR",
    "pStart": "2018/11/13",
    "pEnd": "2018/11/19",
    "pClass": "gtaskblue",
    "pLink": "https://xyz.xyz",
    "pMile": 0,
    "pRes": "Test Resource",
    "pComp": 0,
    "pGroup": 0,
    "pParent": 85,
    "pOpen": 1,
    "pDepend": "86,",
    "pCaption": "Test Caption",
    "pNotes": "Test Notes"
  },
  {
    "pID": 88,
    "pName": "02 FLOOR",
    "pStart": "2018/11/20",
    "pEnd": "2018/11/26",
    "pClass": "gtaskblue",
    "pLink": "https://xyz.xyz",
    "pMile": 0,
    "pRes": "Test Resource",
    "pComp": 0,
    "pGroup": 0,
    "pParent": 85,
    "pOpen": 1,
    "pDepend": "87,",
    "pCaption": "Test Caption",
    "pNotes": "Test Notes"
  },
  {
    "pID": 89,
    "pName": "03 FLOOR",
    "pStart": "2018/11/27",
    "pEnd": "2018/12/03",
    "pClass": "gtaskblue",
    "pLink": "https://xyz.xyz",
    "pMile": 0,
    "pRes": "Test Resource",
    "pComp": 0,
    "pGroup": 0,
    "pParent": 85,
    "pOpen": 1,
    "pDepend": "88,",
    "pCaption": "Test Caption",
    "pNotes": "Test Notes"
  },
  {
    "pID": 90,
    "pName": "04 FLOOR",
    "pStart": "2018/12/04",
    "pEnd": "2018/12/10",
    "pClass": "gtaskblue",
    "pLink": "https://xyz.xyz",
    "pMile": 0,
    "pRes": "Test Resource",
    "pComp": 0,
    "pGroup": 0,
    "pParent": 85,
    "pOpen": 1,
    "pDepend": "89,",
    "pCaption": "Test Caption",
    "pNotes": "Test Notes"
  },
  {
    "pID": 91,
    "pName": "05 FLOOR",
    "pStart": "2018/12/11",
    "pEnd": "2018/12/17",
    "pClass": "gtaskblue",
    "pLink": "https://xyz.xyz",
    "pMile": 0,
    "pRes": "Test Resource",
    "pComp": 0,
    "pGroup": 0,
    "pParent": 85,
    "pOpen": 1,
    "pDepend": "90,",
    "pCaption": "Test Caption",
    "pNotes": "Test Notes"
  },
  {
    "pID": 92,
    "pName": "06 FLOOR",
    "pStart": "2018/12/18",
    "pEnd": "2018/12/24",
    "pClass": "gtaskblue",
    "pLink": "https://xyz.xyz",
    "pMile": 0,
    "pRes": "Test Resource",
    "pComp": 0,
    "pGroup": 0,
    "pParent": 85,
    "pOpen": 1,
    "pDepend": "91,",
    "pCaption": "Test Caption",
    "pNotes": "Test Notes"
  },
  {
    "pID": 93,
    "pName": "07 FLOOR",
    "pStart": "2018/12/25",
    "pEnd": "2018/12/31",
    "pClass": "gtaskblue",
    "pLink": "https://xyz.xyz",
    "pMile": 0,
    "pRes": "Test Resource",
    "pComp": 0,
    "pGroup": 0,
    "pParent": 85,
    "pOpen": 1,
    "pDepend": "92,",
    "pCaption": "Test Caption",
    "pNotes": "Test Notes"
  },
  {
    "pID": 94,
    "pName": "FALSE CEILING",
    "pStart": "2018/11/03",
    "pEnd": "2019/01/03",
    "pClass": "ggroupblack",
    "pLink": "https://xyz.xyz",
    "pMile": 0,
    "pRes": "Test Resource",
    "pComp": 0,
    "pGroup": 1,
    "pParent": 3,
    "pOpen": 1,
    "pDepend": "",
    "pCaption": "Test Caption",
    "pNotes": "Test Notes"
  },
  {
    "pID": 95,
    "pName": "GROUND FLOOR",
    "pStart": "2018/11/03",
    "pEnd": "2018/11/15",
    "pClass": "gtaskblue",
    "pLink": "https://xyz.xyz",
    "pMile": 0,
    "pRes": "Test Resource",
    "pComp": 0,
    "pGroup": 0,
    "pParent": 94,
    "pOpen": 1,
    "pDepend": "77SS,",
    "pCaption": "Test Caption",
    "pNotes": "Test Notes"
  },
  {
    "pID": 96,
    "pName": "01 FLOOR",
    "pStart": "2018/11/13",
    "pEnd": "2018/11/22",
    "pClass": "gtaskblue",
    "pLink": "https://xyz.xyz",
    "pMile": 0,
    "pRes": "Test Resource",
    "pComp": 0,
    "pGroup": 0,
    "pParent": 94,
    "pOpen": 1,
    "pDepend": "86,",
    "pCaption": "Test Caption",
    "pNotes": "Test Notes"
  },
  {
    "pID": 97,
    "pName": "02 FLOOR",
    "pStart": "2018/11/20",
    "pEnd": "2018/11/29",
    "pClass": "gtaskblue",
    "pLink": "https://xyz.xyz",
    "pMile": 0,
    "pRes": "Test Resource",
    "pComp": 0,
    "pGroup": 0,
    "pParent": 94,
    "pOpen": 1,
    "pDepend": "87,",
    "pCaption": "Test Caption",
    "pNotes": "Test Notes"
  },
  {
    "pID": 98,
    "pName": "03 FLOOR",
    "pStart": "2018/11/27",
    "pEnd": "2018/12/06",
    "pClass": "gtaskblue",
    "pLink": "https://xyz.xyz",
    "pMile": 0,
    "pRes": "Test Resource",
    "pComp": 0,
    "pGroup": 0,
    "pParent": 94,
    "pOpen": 1,
    "pDepend": "88,",
    "pCaption": "Test Caption",
    "pNotes": "Test Notes"
  },
  {
    "pID": 99,
    "pName": "04 FLOOR",
    "pStart": "2018/12/04",
    "pEnd": "2018/12/13",
    "pClass": "gtaskblue",
    "pLink": "https://xyz.xyz",
    "pMile": 0,
    "pRes": "Test Resource",
    "pComp": 0,
    "pGroup": 0,
    "pParent": 94,
    "pOpen": 1,
    "pDepend": "89,",
    "pCaption": "Test Caption",
    "pNotes": "Test Notes"
  },
  {
    "pID": 100,
    "pName": "05 FLOOR",
    "pStart": "2018/12/11",
    "pEnd": "2018/12/20",
    "pClass": "gtaskblue",
    "pLink": "https://xyz.xyz",
    "pMile": 0,
    "pRes": "Test Resource",
    "pComp": 0,
    "pGroup": 0,
    "pParent": 94,
    "pOpen": 1,
    "pDepend": "90,",
    "pCaption": "Test Caption",
    "pNotes": "Test Notes"
  },
  {
    "pID": 101,
    "pName": "06 FLOOR",
    "pStart": "2018/12/18",
    "pEnd": "2018/12/27",
    "pClass": "gtaskblue",
    "pLink": "https://xyz.xyz",
    "pMile": 0,
    "pRes": "Test Resource",
    "pComp": 0,
    "pGroup": 0,
    "pParent": 94,
    "pOpen": 1,
    "pDepend": "91,",
    "pCaption": "Test Caption",
    "pNotes": "Test Notes"
  },
  {
    "pID": 102,
    "pName": "07 FLOOR",
    "pStart": "2018/12/25",
    "pEnd": "2019/01/03",
    "pClass": "gtaskblue",
    "pLink": "https://xyz.xyz",
    "pMile": 0,
    "pRes": "Test Resource",
    "pComp": 0,
    "pGroup": 0,
    "pParent": 94,
    "pOpen": 1,
    "pDepend": "92,",
    "pCaption": "Test Caption",
    "pNotes": "Test Notes"
  },
  {
    "pID": 103,
    "pName": "SNAG LIST",
    "pStart": "2019/01/05",
    "pEnd": "2019/01/30",
    "pClass": "ggroupblack",
    "pLink": "https://xyz.xyz",
    "pMile": 0,
    "pRes": "Test Resource",
    "pComp": 0,
    "pGroup": 1,
    "pParent": 3,
    "pOpen": 1,
    "pDepend": "",
    "pCaption": "Test Caption",
    "pNotes": "Test Notes"
  },
  {
    "pID": 104,
    "pName": "GROUND FLOOR",
    "pStart": "2019/01/05",
    "pEnd": "2019/01/08",
    "pClass": "gtaskblue",
    "pLink": "https://xyz.xyz",
    "pMile": 0,
    "pRes": "Test Resource",
    "pComp": 0,
    "pGroup": 0,
    "pParent": 103,
    "pOpen": 1,
    "pDepend": "121,146,153,163,85,94,",
    "pCaption": "Test Caption",
    "pNotes": "Test Notes"
  },
  {
    "pID": 105,
    "pName": "01 FLOOR",
    "pStart": "2019/01/09",
    "pEnd": "2019/01/11",
    "pClass": "gtaskblue",
    "pLink": "https://xyz.xyz",
    "pMile": 0,
    "pRes": "Test Resource",
    "pComp": 0,
    "pGroup": 0,
    "pParent": 103,
    "pOpen": 1,
    "pDepend": "104,",
    "pCaption": "Test Caption",
    "pNotes": "Test Notes"
  },
  {
    "pID": 106,
    "pName": "02 FLOOR",
    "pStart": "2019/01/12",
    "pEnd": "2019/01/14",
    "pClass": "gtaskblue",
    "pLink": "https://xyz.xyz",
    "pMile": 0,
    "pRes": "Test Resource",
    "pComp": 0,
    "pGroup": 0,
    "pParent": 103,
    "pOpen": 1,
    "pDepend": "105,",
    "pCaption": "Test Caption",
    "pNotes": "Test Notes"
  },
  {
    "pID": 107,
    "pName": "03 FLOOR",
    "pStart": "2019/01/15",
    "pEnd": "2019/01/17",
    "pClass": "gtaskblue",
    "pLink": "https://xyz.xyz",
    "pMile": 0,
    "pRes": "Test Resource",
    "pComp": 0,
    "pGroup": 0,
    "pParent": 103,
    "pOpen": 1,
    "pDepend": "106,",
    "pCaption": "Test Caption",
    "pNotes": "Test Notes"
  },
  {
    "pID": 108,
    "pName": "04 FLOOR",
    "pStart": "2019/01/18",
    "pEnd": "2019/01/20",
    "pClass": "gtaskblue",
    "pLink": "https://xyz.xyz",
    "pMile": 0,
    "pRes": "Test Resource",
    "pComp": 0,
    "pGroup": 0,
    "pParent": 103,
    "pOpen": 1,
    "pDepend": "107,",
    "pCaption": "Test Caption",
    "pNotes": "Test Notes"
  },
  {
    "pID": 109,
    "pName": "05 FLOOR",
    "pStart": "2019/01/21",
    "pEnd": "2019/01/23",
    "pClass": "gtaskblue",
    "pLink": "https://xyz.xyz",
    "pMile": 0,
    "pRes": "Test Resource",
    "pComp": 0,
    "pGroup": 0,
    "pParent": 103,
    "pOpen": 1,
    "pDepend": "108,",
    "pCaption": "Test Caption",
    "pNotes": "Test Notes"
  },
  {
    "pID": 110,
    "pName": "06 FLOOR",
    "pStart": "2019/01/24",
    "pEnd": "2019/01/27",
    "pClass": "gtaskblue",
    "pLink": "https://xyz.xyz",
    "pMile": 0,
    "pRes": "Test Resource",
    "pComp": 0,
    "pGroup": 0,
    "pParent": 103,
    "pOpen": 1,
    "pDepend": "109,",
    "pCaption": "Test Caption",
    "pNotes": "Test Notes"
  },
  {
    "pID": 111,
    "pName": "07 FLOOR",
    "pStart": "2019/01/28",
    "pEnd": "2019/01/30",
    "pClass": "gtaskblue",
    "pLink": "https://xyz.xyz",
    "pMile": 0,
    "pRes": "Test Resource",
    "pComp": 0,
    "pGroup": 0,
    "pParent": 103,
    "pOpen": 1,
    "pDepend": "110,",
    "pCaption": "Test Caption",
    "pNotes": "Test Notes"
  },
  {
    "pID": 112,
    "pName": "CONCEALED PLUMNBING",
    "pStart": "2018/08/27",
    "pEnd": "2018/12/26",
    "pClass": "ggroupblack",
    "pLink": "https://xyz.xyz",
    "pMile": 0,
    "pRes": "Test Resource",
    "pComp": 0,
    "pGroup": 1,
    "pParent": 3,
    "pOpen": 1,
    "pDepend": "",
    "pCaption": "Test Caption",
    "pNotes": "Test Notes"
  },
  {
    "pID": 113,
    "pName": "CORE CUTTING",
    "pStart": "2018/08/27",
    "pEnd": "2018/10/07",
    "pClass": "gtaskblue",
    "pLink": "https://xyz.xyz",
    "pMile": 0,
    "pRes": "Test Resource",
    "pComp": 0,
    "pGroup": 0,
    "pParent": 112,
    "pOpen": 1,
    "pDepend": "20,",
    "pCaption": "Test Caption",
    "pNotes": "Test Notes"
  },
  {
    "pID": 114,
    "pName": "INTERNAL CONCEALED WALL",
    "pStart": "2018/09/06",
    "pEnd": "2018/10/17",
    "pClass": "gtaskblue",
    "pLink": "https://xyz.xyz",
    "pMile": 0,
    "pRes": "Test Resource",
    "pComp": 0,
    "pGroup": 0,
    "pParent": 112,
    "pOpen": 1,
    "pDepend": "113,",
    "pCaption": "Test Caption",
    "pNotes": "Test Notes"
  },
  {
    "pID": 115,
    "pName": "DOWNTAKE",
    "pStart": "2018/10/13",
    "pEnd": "2018/11/02",
    "pClass": "gtaskblue",
    "pLink": "https://xyz.xyz",
    "pMile": 0,
    "pRes": "Test Resource",
    "pComp": 0,
    "pGroup": 0,
    "pParent": 112,
    "pOpen": 1,
    "pDepend": "56,",
    "pCaption": "Test Caption",
    "pNotes": "Test Notes"
  },
  {
    "pID": 116,
    "pName": "TERRACE LOOPING",
    "pStart": "2018/11/03",
    "pEnd": "2018/11/10",
    "pClass": "gtaskblue",
    "pLink": "https://xyz.xyz",
    "pMile": 0,
    "pRes": "Test Resource",
    "pComp": 0,
    "pGroup": 0,
    "pParent": 112,
    "pOpen": 1,
    "pDepend": "115,",
    "pCaption": "Test Caption",
    "pNotes": "Test Notes"
  },
  {
    "pID": 117,
    "pName": "O.H INLET,OUTLET PIPING AND GULLY TRAP WORK",
    "pStart": "2018/10/18",
    "pEnd": "2018/11/10",
    "pClass": "gtaskblue",
    "pLink": "https://xyz.xyz",
    "pMile": 0,
    "pRes": "Test Resource",
    "pComp": 0,
    "pGroup": 0,
    "pParent": 112,
    "pOpen": 1,
    "pDepend": "116,",
    "pCaption": "Test Caption",
    "pNotes": "Test Notes"
  },
  {
    "pID": 118,
    "pName": "SOLAR PIPING",
    "pStart": "2018/09/11",
    "pEnd": "2018/10/01",
    "pClass": "gtaskblue",
    "pLink": "https://xyz.xyz",
    "pMile": 0,
    "pRes": "Test Resource",
    "pComp": 0,
    "pGroup": 0,
    "pParent": 112,
    "pOpen": 1,
    "pDepend": "156,",
    "pCaption": "Test Caption",
    "pNotes": "Test Notes"
  },
  {
    "pID": 119,
    "pName": "CP & SANITARY INSTALLATION",
    "pStart": "2018/11/16",
    "pEnd": "2018/12/25",
    "pClass": "gtaskblue",
    "pLink": "https://xyz.xyz",
    "pMile": 0,
    "pRes": "Test Resource",
    "pComp": 0,
    "pGroup": 0,
    "pParent": 112,
    "pOpen": 1,
    "pDepend": "76,",
    "pCaption": "Test Caption",
    "pNotes": "Test Notes"
  },
  {
    "pID": 120,
    "pName": "TESTING ,COMMISIONING ,HANDOVER",
    "pStart": "2018/12/26",
    "pEnd": "2018/12/26",
    "pClass": "gtaskblue",
    "pLink": "https://xyz.xyz",
    "pMile": 0,
    "pRes": "Test Resource",
    "pComp": 0,
    "pGroup": 0,
    "pParent": 112,
    "pOpen": 1,
    "pDepend": "113,114,115,116,117,118,119,",
    "pCaption": "Test Caption",
    "pNotes": "Test Notes"
  },
  {
    "pID": 121,
    "pName": "ELECTRICAL WORK",
    "pStart": "2018/06/01",
    "pEnd": "2018/11/15",
    "pClass": "ggroupblack",
    "pLink": "https://xyz.xyz",
    "pMile": 0,
    "pRes": "Test Resource",
    "pComp": 0,
    "pGroup": 1,
    "pParent": 3,
    "pOpen": 1,
    "pDepend": "",
    "pCaption": "Test Caption",
    "pNotes": "Test Notes"
  },
  {
    "pID": 122,
    "pName": "CONCEALED BOX",
    "pStart": "2018/06/01",
    "pEnd": "2018/07/11",
    "pClass": "gtaskblue",
    "pLink": "https://xyz.xyz",
    "pMile": 0,
    "pRes": "Test Resource",
    "pComp": 0,
    "pGroup": 0,
    "pParent": 121,
    "pOpen": 1,
    "pDepend": "20SS,",
    "pCaption": "Test Caption",
    "pNotes": "Test Notes"
  },
  {
    "pID": 123,
    "pName": "DB INSTALLATION",
    "pStart": "2018/07/12",
    "pEnd": "2018/07/21",
    "pClass": "gtaskblue",
    "pLink": "https://xyz.xyz",
    "pMile": 0,
    "pRes": "Test Resource",
    "pComp": 0,
    "pGroup": 0,
    "pParent": 121,
    "pOpen": 1,
    "pDepend": "122,",
    "pCaption": "Test Caption",
    "pNotes": "Test Notes"
  },
  {
    "pID": 124,
    "pName": "WIRING",
    "pStart": "2018/06/11",
    "pEnd": "2018/07/21",
    "pClass": "gtaskblue",
    "pLink": "https://xyz.xyz",
    "pMile": 0,
    "pRes": "Test Resource",
    "pComp": 0,
    "pGroup": 0,
    "pParent": 121,
    "pOpen": 1,
    "pDepend": "122SS,",
    "pCaption": "Test Caption",
    "pNotes": "Test Notes"
  },
  {
    "pID": 125,
    "pName": "SWITCH SOCKET",
    "pStart": "2018/06/17",
    "pEnd": "2018/07/26",
    "pClass": "gtaskblue",
    "pLink": "https://xyz.xyz",
    "pMile": 0,
    "pRes": "Test Resource",
    "pComp": 0,
    "pGroup": 0,
    "pParent": 121,
    "pOpen": 1,
    "pDepend": "124SS,",
    "pCaption": "Test Caption",
    "pNotes": "Test Notes"
  },
  {
    "pID": 126,
    "pName": "COMMON AREA ELECTRICAL",
    "pStart": "2018/09/27",
    "pEnd": "2018/10/17",
    "pClass": "gtaskblue",
    "pLink": "https://xyz.xyz",
    "pMile": 0,
    "pRes": "Test Resource",
    "pComp": 0,
    "pGroup": 0,
    "pParent": 121,
    "pOpen": 1,
    "pDepend": "153SS,",
    "pCaption": "Test Caption",
    "pNotes": "Test Notes"
  },
  {
    "pID": 127,
    "pName": "METER ROOM",
    "pStart": "2018/10/03",
    "pEnd": "2018/11/02",
    "pClass": "gtaskblue",
    "pLink": "https://xyz.xyz",
    "pMile": 0,
    "pRes": "Test Resource",
    "pComp": 0,
    "pGroup": 0,
    "pParent": 121,
    "pOpen": 1,
    "pDepend": "124,39,",
    "pCaption": "Test Caption",
    "pNotes": "Test Notes"
  },
  {
    "pID": 128,
    "pName": "CONTROL PANEL WIRING",
    "pStart": "2018/11/03",
    "pEnd": "2018/11/15",
    "pClass": "gtaskblue",
    "pLink": "https://xyz.xyz",
    "pMile": 0,
    "pRes": "Test Resource",
    "pComp": 0,
    "pGroup": 0,
    "pParent": 121,
    "pOpen": 1,
    "pDepend": "127,",
    "pCaption": "Test Caption",
    "pNotes": "Test Notes"
  },
  {
    "pID": 129,
    "pName": "LIFT ELECTRICAL",
    "pStart": "2018/10/24",
    "pEnd": "2018/11/10",
    "pClass": "gtaskblue",
    "pLink": "https://xyz.xyz",
    "pMile": 0,
    "pRes": "Test Resource",
    "pComp": 0,
    "pGroup": 0,
    "pParent": 121,
    "pOpen": 1,
    "pDepend": "164SS,",
    "pCaption": "Test Caption",
    "pNotes": "Test Notes"
  },
  {
    "pID": 130,
    "pName": "TESTING ,COMMISIONING ,HANDOVER",
    "pStart": "2018/10/18",
    "pEnd": "2018/10/18",
    "pClass": "gtaskblue",
    "pLink": "https://xyz.xyz",
    "pMile": 0,
    "pRes": "Test Resource",
    "pComp": 0,
    "pGroup": 0,
    "pParent": 121,
    "pOpen": 1,
    "pDepend": "126,",
    "pCaption": "Test Caption",
    "pNotes": "Test Notes"
  },
  {
    "pID": 131,
    "pName": "ENTRANCE LOBBY",
    "pStart": "2018/10/13",
    "pEnd": "2018/11/15",
    "pClass": "ggroupblack",
    "pLink": "https://xyz.xyz",
    "pMile": 0,
    "pRes": "Test Resource",
    "pComp": 0,
    "pGroup": 1,
    "pParent": 3,
    "pOpen": 1,
    "pDepend": "",
    "pCaption": "Test Caption",
    "pNotes": "Test Notes"
  },
  {
    "pID": 132,
    "pName": "ENTRANCE LOBBY FALSE CEILING",
    "pStart": "2018/11/03",
    "pEnd": "2018/11/15",
    "pClass": "gtaskblue",
    "pLink": "https://xyz.xyz",
    "pMile": 0,
    "pRes": "Test Resource",
    "pComp": 0,
    "pGroup": 0,
    "pParent": 131,
    "pOpen": 1,
    "pDepend": "95SS,",
    "pCaption": "Test Caption",
    "pNotes": "Test Notes"
  },
  {
    "pID": 133,
    "pName": "ENTRANCE LOBBY TILING",
    "pStart": "2018/10/13",
    "pEnd": "2018/11/02",
    "pClass": "gtaskblue",
    "pLink": "https://xyz.xyz",
    "pMile": 0,
    "pRes": "Test Resource",
    "pComp": 0,
    "pGroup": 0,
    "pParent": 131,
    "pOpen": 1,
    "pDepend": "59SS,",
    "pCaption": "Test Caption",
    "pNotes": "Test Notes"
  },
  {
    "pID": 134,
    "pName": "ENTRANCE LOBBY - NAME BOARDS",
    "pStart": "2018/10/18",
    "pEnd": "2018/10/23",
    "pClass": "gtaskblue",
    "pLink": "https://xyz.xyz",
    "pMile": 0,
    "pRes": "Test Resource",
    "pComp": 0,
    "pGroup": 0,
    "pParent": 131,
    "pOpen": 1,
    "pDepend": "161,",
    "pCaption": "Test Caption",
    "pNotes": "Test Notes"
  },
  {
    "pID": 135,
    "pName": "ENTRANCE LOBBY LETTER BOX",
    "pStart": "2018/10/18",
    "pEnd": "2018/10/23",
    "pClass": "gtaskblue",
    "pLink": "https://xyz.xyz",
    "pMile": 0,
    "pRes": "Test Resource",
    "pComp": 0,
    "pGroup": 0,
    "pParent": 131,
    "pOpen": 1,
    "pDepend": "161,",
    "pCaption": "Test Caption",
    "pNotes": "Test Notes"
  },
  {
    "pID": 136,
    "pName": "EXTERNAL PAITING",
    "pStart": "2018/11/16",
    "pEnd": "2018/12/30",
    "pClass": "ggroupblack",
    "pLink": "https://xyz.xyz",
    "pMile": 0,
    "pRes": "Test Resource",
    "pComp": 0,
    "pGroup": 1,
    "pParent": 3,
    "pOpen": 1,
    "pDepend": "",
    "pCaption": "Test Caption",
    "pNotes": "Test Notes"
  },
  {
    "pID": 137,
    "pName": "EXTERNAL PAINTING- PRIMER",
    "pStart": "2018/11/16",
    "pEnd": "2018/11/30",
    "pClass": "gtaskblue",
    "pLink": "https://xyz.xyz",
    "pMile": 0,
    "pRes": "Test Resource",
    "pComp": 0,
    "pGroup": 0,
    "pParent": 136,
    "pOpen": 1,
    "pDepend": "143,",
    "pCaption": "Test Caption",
    "pNotes": "Test Notes"
  },
  {
    "pID": 138,
    "pName": "EXTERNAL PAINTING-FIRST COAT",
    "pStart": "2018/12/01",
    "pEnd": "2018/12/15",
    "pClass": "gtaskblue",
    "pLink": "https://xyz.xyz",
    "pMile": 0,
    "pRes": "Test Resource",
    "pComp": 0,
    "pGroup": 0,
    "pParent": 136,
    "pOpen": 1,
    "pDepend": "137,",
    "pCaption": "Test Caption",
    "pNotes": "Test Notes"
  },
  {
    "pID": 139,
    "pName": "EXTERNAL PAINTING-SECOND COAT",
    "pStart": "2018/12/16",
    "pEnd": "2018/12/30",
    "pClass": "gtaskblue",
    "pLink": "https://xyz.xyz",
    "pMile": 0,
    "pRes": "Test Resource",
    "pComp": 0,
    "pGroup": 0,
    "pParent": 136,
    "pOpen": 1,
    "pDepend": "138,",
    "pCaption": "Test Caption",
    "pNotes": "Test Notes"
  },
  {
    "pID": 140,
    "pName": "EXTERNAL PLASTER",
    "pStart": "2018/09/27",
    "pEnd": "2018/11/30",
    "pClass": "ggroupblack",
    "pLink": "https://xyz.xyz",
    "pMile": 0,
    "pRes": "Test Resource",
    "pComp": 0,
    "pGroup": 1,
    "pParent": 3,
    "pOpen": 1,
    "pDepend": "",
    "pCaption": "Test Caption",
    "pNotes": "Test Notes"
  },
  {
    "pID": 141,
    "pName": "ONE SIDE",
    "pStart": "2018/09/27",
    "pEnd": "2018/10/12",
    "pClass": "gtaskblue",
    "pLink": "https://xyz.xyz",
    "pMile": 0,
    "pRes": "Test Resource",
    "pComp": 0,
    "pGroup": 0,
    "pParent": 140,
    "pOpen": 1,
    "pDepend": "20,",
    "pCaption": "Test Caption",
    "pNotes": "Test Notes"
  },
  {
    "pID": 142,
    "pName": "TWO SIDE",
    "pStart": "2018/10/13",
    "pEnd": "2018/10/28",
    "pClass": "gtaskblue",
    "pLink": "https://xyz.xyz",
    "pMile": 0,
    "pRes": "Test Resource",
    "pComp": 0,
    "pGroup": 0,
    "pParent": 140,
    "pOpen": 1,
    "pDepend": "141,",
    "pCaption": "Test Caption",
    "pNotes": "Test Notes"
  },
  {
    "pID": 143,
    "pName": "THIRD SIDE",
    "pStart": "2018/10/29",
    "pEnd": "2018/11/15",
    "pClass": "gtaskblue",
    "pLink": "https://xyz.xyz",
    "pMile": 0,
    "pRes": "Test Resource",
    "pComp": 0,
    "pGroup": 0,
    "pParent": 140,
    "pOpen": 1,
    "pDepend": "142,",
    "pCaption": "Test Caption",
    "pNotes": "Test Notes"
  },
  {
    "pID": 144,
    "pName": "FOURTH SIDE",
    "pStart": "2018/11/16",
    "pEnd": "2018/11/30",
    "pClass": "gtaskblue",
    "pLink": "https://xyz.xyz",
    "pMile": 0,
    "pRes": "Test Resource",
    "pComp": 0,
    "pGroup": 0,
    "pParent": 140,
    "pOpen": 1,
    "pDepend": "143,",
    "pCaption": "Test Caption",
    "pNotes": "Test Notes"
  },
  {
    "pID": 145,
    "pName": "DUCTS / SHAFTS",
    "pStart": "2018/09/27",
    "pEnd": "2018/10/23",
    "pClass": "gtaskblue",
    "pLink": "https://xyz.xyz",
    "pMile": 0,
    "pRes": "Test Resource",
    "pComp": 0,
    "pGroup": 0,
    "pParent": 140,
    "pOpen": 1,
    "pDepend": "141SS,",
    "pCaption": "Test Caption",
    "pNotes": "Test Notes"
  },
  {
    "pID": 146,
    "pName": "FIRE FIGHTING",
    "pStart": "2018/09/11",
    "pEnd": "2018/12/06",
    "pClass": "ggroupblack",
    "pLink": "https://xyz.xyz",
    "pMile": 0,
    "pRes": "Test Resource",
    "pComp": 0,
    "pGroup": 1,
    "pParent": 3,
    "pOpen": 1,
    "pDepend": "",
    "pCaption": "Test Caption",
    "pNotes": "Test Notes"
  },
  {
    "pID": 147,
    "pName": "DOWNCOMMER - FIRE FIGHTING",
    "pStart": "2018/11/11",
    "pEnd": "2018/11/30",
    "pClass": "gtaskblue",
    "pLink": "https://xyz.xyz",
    "pMile": 0,
    "pRes": "Test Resource",
    "pComp": 0,
    "pGroup": 0,
    "pParent": 146,
    "pOpen": 1,
    "pDepend": "116,",
    "pCaption": "Test Caption",
    "pNotes": "Test Notes"
  },
  {
    "pID": 148,
    "pName": "WETRISER-FIRE FIGHTING",
    "pStart": "2018/09/11",
    "pEnd": "2018/10/23",
    "pClass": "gtaskblue",
    "pLink": "https://xyz.xyz",
    "pMile": 0,
    "pRes": "Test Resource",
    "pComp": 0,
    "pGroup": 0,
    "pParent": 146,
    "pOpen": 1,
    "pDepend": "29,",
    "pCaption": "Test Caption",
    "pNotes": "Test Notes"
  },
  {
    "pID": 149,
    "pName": "SPRINKLER-FIRE FIGHTING",
    "pStart": "2018/09/11",
    "pEnd": "2018/10/23",
    "pClass": "gtaskblue",
    "pLink": "https://xyz.xyz",
    "pMile": 0,
    "pRes": "Test Resource",
    "pComp": 0,
    "pGroup": 0,
    "pParent": 146,
    "pOpen": 1,
    "pDepend": "29,",
    "pCaption": "Test Caption",
    "pNotes": "Test Notes"
  },
  {
    "pID": 150,
    "pName": "FIRE DOOR-FIRE FIGHTING",
    "pStart": "2018/11/16",
    "pEnd": "2018/12/05",
    "pClass": "gtaskblue",
    "pLink": "https://xyz.xyz",
    "pMile": 0,
    "pRes": "Test Resource",
    "pComp": 0,
    "pGroup": 0,
    "pParent": 146,
    "pOpen": 1,
    "pDepend": "20,76,",
    "pCaption": "Test Caption",
    "pNotes": "Test Notes"
  },
  {
    "pID": 151,
    "pName": "SHAFT CABINET-FIRE FIGHTING",
    "pStart": "2018/10/24",
    "pEnd": "2018/11/15",
    "pClass": "gtaskblue",
    "pLink": "https://xyz.xyz",
    "pMile": 0,
    "pRes": "Test Resource",
    "pComp": 0,
    "pGroup": 0,
    "pParent": 146,
    "pOpen": 1,
    "pDepend": "145,",
    "pCaption": "Test Caption",
    "pNotes": "Test Notes"
  },
  {
    "pID": 152,
    "pName": "TESTING ,COMMISIONING ,HANDOVER-FIRE FIGHTING",
    "pStart": "2018/12/06",
    "pEnd": "2018/12/06",
    "pClass": "gtaskblue",
    "pLink": "https://xyz.xyz",
    "pMile": 0,
    "pRes": "Test Resource",
    "pComp": 0,
    "pGroup": 0,
    "pParent": 146,
    "pOpen": 1,
    "pDepend": "150,",
    "pCaption": "Test Caption",
    "pNotes": "Test Notes"
  },
  {
    "pID": 153,
    "pName": "COMMOM AREA WORKS",
    "pStart": "2018/07/27",
    "pEnd": "2018/12/31",
    "pClass": "ggroupblack",
    "pLink": "https://xyz.xyz",
    "pMile": 0,
    "pRes": "Test Resource",
    "pComp": 0,
    "pGroup": 1,
    "pParent": 3,
    "pOpen": 1,
    "pDepend": "",
    "pCaption": "Test Caption",
    "pNotes": "Test Notes"
  },
  {
    "pID": 154,
    "pName": "GYPSUM BUTT FILLING",
    "pStart": "2018/08/22",
    "pEnd": "2018/11/02",
    "pClass": "gtaskblue",
    "pLink": "https://xyz.xyz",
    "pMile": 0,
    "pRes": "Test Resource",
    "pComp": 0,
    "pGroup": 0,
    "pParent": 153,
    "pOpen": 1,
    "pDepend": "76SS,",
    "pCaption": "Test Caption",
    "pNotes": "Test Notes"
  },
  {
    "pID": 155,
    "pName": "DUCT LOUVERS(SHAFT)",
    "pStart": "2018/10/24",
    "pEnd": "2018/11/15",
    "pClass": "gtaskblue",
    "pLink": "https://xyz.xyz",
    "pMile": 0,
    "pRes": "Test Resource",
    "pComp": 0,
    "pGroup": 0,
    "pParent": 153,
    "pOpen": 1,
    "pDepend": "145,",
    "pCaption": "Test Caption",
    "pNotes": "Test Notes"
  },
  {
    "pID": 156,
    "pName": "SOLAR SYSTEM",
    "pStart": "2018/08/22",
    "pEnd": "2018/09/10",
    "pClass": "gtaskblue",
    "pLink": "https://xyz.xyz",
    "pMile": 0,
    "pRes": "Test Resource",
    "pComp": 0,
    "pGroup": 0,
    "pParent": 153,
    "pOpen": 1,
    "pDepend": "8,",
    "pCaption": "Test Caption",
    "pNotes": "Test Notes"
  },
  {
    "pID": 157,
    "pName": "INDIVIDUAL FLAT NUMBERING",
    "pStart": "2018/12/11",
    "pEnd": "2018/12/30",
    "pClass": "gtaskblue",
    "pLink": "https://xyz.xyz",
    "pMile": 0,
    "pRes": "Test Resource",
    "pComp": 0,
    "pGroup": 0,
    "pParent": 153,
    "pOpen": 1,
    "pDepend": "136SS,",
    "pCaption": "Test Caption",
    "pNotes": "Test Notes"
  },
  {
    "pID": 158,
    "pName": "BUILDING NUMBERING",
    "pStart": "2018/12/31",
    "pEnd": "2018/12/31",
    "pClass": "gtaskblue",
    "pLink": "https://xyz.xyz",
    "pMile": 0,
    "pRes": "Test Resource",
    "pComp": 0,
    "pGroup": 0,
    "pParent": 153,
    "pOpen": 1,
    "pDepend": "136,",
    "pCaption": "Test Caption",
    "pNotes": "Test Notes"
  },
  {
    "pID": 159,
    "pName": "INTERNAL PAINTING-PRIMER",
    "pStart": "2018/07/27",
    "pEnd": "2018/10/07",
    "pClass": "gtaskblue",
    "pLink": "https://xyz.xyz",
    "pMile": 0,
    "pRes": "Test Resource",
    "pComp": 0,
    "pGroup": 0,
    "pParent": 153,
    "pOpen": 1,
    "pDepend": "40SS,",
    "pCaption": "Test Caption",
    "pNotes": "Test Notes"
  },
  {
    "pID": 160,
    "pName": "INTERNAL PAINTING-FIRST COAT",
    "pStart": "2018/08/01",
    "pEnd": "2018/10/12",
    "pClass": "gtaskblue",
    "pLink": "https://xyz.xyz",
    "pMile": 0,
    "pRes": "Test Resource",
    "pComp": 0,
    "pGroup": 0,
    "pParent": 153,
    "pOpen": 1,
    "pDepend": "159SS,",
    "pCaption": "Test Caption",
    "pNotes": "Test Notes"
  },
  {
    "pID": 161,
    "pName": "INTERNAL PAINTING-SECOND COAT",
    "pStart": "2018/08/06",
    "pEnd": "2018/10/17",
    "pClass": "gtaskblue",
    "pLink": "https://xyz.xyz",
    "pMile": 0,
    "pRes": "Test Resource",
    "pComp": 0,
    "pGroup": 0,
    "pParent": 153,
    "pOpen": 1,
    "pDepend": "160SS,",
    "pCaption": "Test Caption",
    "pNotes": "Test Notes"
  },
  {
    "pID": 162,
    "pName": "INTERNAL PAINTING-LIFT WHITE WASH",
    "pStart": "2018/10/29",
    "pEnd": "2018/11/20",
    "pClass": "gtaskblue",
    "pLink": "https://xyz.xyz",
    "pMile": 0,
    "pRes": "Test Resource",
    "pComp": 0,
    "pGroup": 0,
    "pParent": 153,
    "pOpen": 1,
    "pDepend": "164,",
    "pCaption": "Test Caption",
    "pNotes": "Test Notes"
  },
  {
    "pID": 163,
    "pName": "LIFT WORK",
    "pStart": "2018/10/24",
    "pEnd": "2019/01/04",
    "pClass": "ggroupblack",
    "pLink": "https://xyz.xyz",
    "pMile": 0,
    "pRes": "Test Resource",
    "pComp": 0,
    "pGroup": 1,
    "pParent": 3,
    "pOpen": 1,
    "pDepend": "",
    "pCaption": "Test Caption",
    "pNotes": "Test Notes"
  },
  {
    "pID": 164,
    "pName": "LIFT 1 LASER SURVERY",
    "pStart": "2018/10/24",
    "pEnd": "2018/10/28",
    "pClass": "gtaskblue",
    "pLink": "https://xyz.xyz",
    "pMile": 0,
    "pRes": "Test Resource",
    "pComp": 0,
    "pGroup": 0,
    "pParent": 163,
    "pOpen": 1,
    "pDepend": "145,",
    "pCaption": "Test Caption",
    "pNotes": "Test Notes"
  },
  {
    "pID": 165,
    "pName": "LIFT 1 RAIL INSTALLATION",
    "pStart": "2018/11/21",
    "pEnd": "2018/12/05",
    "pClass": "gtaskblue",
    "pLink": "https://xyz.xyz",
    "pMile": 0,
    "pRes": "Test Resource",
    "pComp": 0,
    "pGroup": 0,
    "pParent": 163,
    "pOpen": 1,
    "pDepend": "162,",
    "pCaption": "Test Caption",
    "pNotes": "Test Notes"
  },
  {
    "pID": 166,
    "pName": "LIFT 1 LIFT CAR INSTALLATION",
    "pStart": "2018/12/06",
    "pEnd": "2018/12/20",
    "pClass": "gtaskblue",
    "pLink": "https://xyz.xyz",
    "pMile": 0,
    "pRes": "Test Resource",
    "pComp": 0,
    "pGroup": 0,
    "pParent": 163,
    "pOpen": 1,
    "pDepend": "165,",
    "pCaption": "Test Caption",
    "pNotes": "Test Notes"
  },
  {
    "pID": 167,
    "pName": "LIFT 1 TESTING ,COMMISSIONSING ,HANDOVER",
    "pStart": "2018/12/21",
    "pEnd": "2018/12/25",
    "pClass": "gtaskblue",
    "pLink": "https://xyz.xyz",
    "pMile": 0,
    "pRes": "Test Resource",
    "pComp": 0,
    "pGroup": 0,
    "pParent": 163,
    "pOpen": 1,
    "pDepend": "166,",
    "pCaption": "Test Caption",
    "pNotes": "Test Notes"
  },
  {
    "pID": 168,
    "pName": "LIFT 2 LASER SURVERY",
    "pStart": "2018/10/29",
    "pEnd": "2018/11/02",
    "pClass": "gtaskblue",
    "pLink": "https://xyz.xyz",
    "pMile": 0,
    "pRes": "Test Resource",
    "pComp": 0,
    "pGroup": 0,
    "pParent": 163,
    "pOpen": 1,
    "pDepend": "164,",
    "pCaption": "Test Caption",
    "pNotes": "Test Notes"
  },
  {
    "pID": 169,
    "pName": "LIFT 2 RAIL INSTALLATION",
    "pStart": "2018/12/06",
    "pEnd": "2018/12/20",
    "pClass": "gtaskblue",
    "pLink": "https://xyz.xyz",
    "pMile": 0,
    "pRes": "Test Resource",
    "pComp": 0,
    "pGroup": 0,
    "pParent": 163,
    "pOpen": 1,
    "pDepend": "165,",
    "pCaption": "Test Caption",
    "pNotes": "Test Notes"
  },
  {
    "pID": 170,
    "pName": "LIFT 2 LIFT CAR INSTALLATION",
    "pStart": "2018/12/21",
    "pEnd": "2019/01/04",
    "pClass": "gtaskblue",
    "pLink": "https://xyz.xyz",
    "pMile": 0,
    "pRes": "Test Resource",
    "pComp": 0,
    "pGroup": 0,
    "pParent": 163,
    "pOpen": 1,
    "pDepend": "166,",
    "pCaption": "Test Caption",
    "pNotes": "Test Notes"
  },
  {
    "pID": 171,
    "pName": "LIFT 2 TESTING ,COMMISSIONSING ,HANDOVER",
    "pStart": "2018/11/11",
    "pEnd": "2018/11/15",
    "pClass": "gtaskblue",
    "pLink": "https://xyz.xyz",
    "pMile": 0,
    "pRes": "Test Resource",
    "pComp": 0,
    "pGroup": 0,
    "pParent": 163,
    "pOpen": 1,
    "pDepend": "129,",
    "pCaption": "Test Caption",
    "pNotes": "Test Notes"
  },
  {
    "pID": 172,
    "pName": "HANDING OVER",
    "pStart": "2019/01/31",
    "pEnd": "2019/01/31",
    "pClass": "gtaskblue",
    "pLink": "https://xyz.xyz",
    "pMile": 0,
    "pRes": "Test Resource",
    "pComp": 0,
    "pGroup": 0,
    "pParent": 3,
    "pOpen": 1,
    "pDepend": "163,153,143,103,121,131,136,140,146,",
    "pCaption": "Test Caption",
    "pNotes": "Test Notes"
  },
  {
    "pID": 173,
    "pName": "C2 Building G+7",
    "pStart": "2018/05/01",
    "pEnd": "2019/01/31",
    "pClass": "ggroupblack",
    "pLink": "https://xyz.xyz",
    "pMile": 0,
    "pRes": "Test Resource",
    "pComp": 0,
    "pGroup": 1,
    "pParent": 2,
    "pOpen": 1,
    "pDepend": "",
    "pCaption": "Test Caption",
    "pNotes": "Test Notes"
  },
  {
    "pID": 174,
    "pName": "RCC Upto Plinth",
    "pStart": "2018/05/01",
    "pEnd": "2018/05/01",
    "pClass": "ggroupblack",
    "pLink": "https://xyz.xyz",
    "pMile": 0,
    "pRes": "Test Resource",
    "pComp": 0,
    "pGroup": 1,
    "pParent": 173,
    "pOpen": 1,
    "pDepend": "",
    "pCaption": "Test Caption",
    "pNotes": "Test Notes"
  },
  {
    "pID": 175,
    "pName": "EXCAVATION",
    "pStart": "2018/05/01",
    "pEnd": "2018/05/01",
    "pClass": "gtaskblue",
    "pLink": "https://xyz.xyz",
    "pMile": 0,
    "pRes": "Test Resource",
    "pComp": 0,
    "pGroup": 0,
    "pParent": 174,
    "pOpen": 1,
    "pDepend": "",
    "pCaption": "Test Caption",
    "pNotes": "Test Notes"
  },
  {
    "pID": 176,
    "pName": "FOOTING",
    "pStart": "2018/05/01",
    "pEnd": "2018/05/01",
    "pClass": "gtaskblue",
    "pLink": "https://xyz.xyz",
    "pMile": 0,
    "pRes": "Test Resource",
    "pComp": 0,
    "pGroup": 0,
    "pParent": 174,
    "pOpen": 1,
    "pDepend": "",
    "pCaption": "Test Caption",
    "pNotes": "Test Notes"
  },
  {
    "pID": 177,
    "pName": "PLINTH BEAM",
    "pStart": "2018/05/01",
    "pEnd": "2018/05/01",
    "pClass": "gtaskblue",
    "pLink": "https://xyz.xyz",
    "pMile": 0,
    "pRes": "Test Resource",
    "pComp": 0,
    "pGroup": 0,
    "pParent": 174,
    "pOpen": 1,
    "pDepend": "",
    "pCaption": "Test Caption",
    "pNotes": "Test Notes"
  },
  {
    "pID": 178,
    "pName": "RCC SLAB",
    "pStart": "2018/05/01",
    "pEnd": "2018/07/07",
    "pClass": "ggroupblack",
    "pLink": "https://xyz.xyz",
    "pMile": 0,
    "pRes": "Test Resource",
    "pComp": 0,
    "pGroup": 1,
    "pParent": 173,
    "pOpen": 1,
    "pDepend": "",
    "pCaption": "Test Caption",
    "pNotes": "Test Notes"
  },
  {
    "pID": 179,
    "pName": "GROUND / PLIINTH FLOOR",
    "pStart": "2018/05/01",
    "pEnd": "2018/05/01",
    "pClass": "gtaskblue",
    "pLink": "https://xyz.xyz",
    "pMile": 0,
    "pRes": "Test Resource",
    "pComp": 0,
    "pGroup": 0,
    "pParent": 178,
    "pOpen": 1,
    "pDepend": "",
    "pCaption": "Test Caption",
    "pNotes": "Test Notes"
  },
  {
    "pID": 180,
    "pName": "01 FLOOR",
    "pStart": "2018/05/01",
    "pEnd": "2018/05/01",
    "pClass": "gtaskblue",
    "pLink": "https://xyz.xyz",
    "pMile": 0,
    "pRes": "Test Resource",
    "pComp": 0,
    "pGroup": 0,
    "pParent": 178,
    "pOpen": 1,
    "pDepend": "",
    "pCaption": "Test Caption",
    "pNotes": "Test Notes"
  },
  {
    "pID": 181,
    "pName": "02 FLOOR",
    "pStart": "2018/05/01",
    "pEnd": "2018/05/01",
    "pClass": "gtaskblue",
    "pLink": "https://xyz.xyz",
    "pMile": 0,
    "pRes": "Test Resource",
    "pComp": 0,
    "pGroup": 0,
    "pParent": 178,
    "pOpen": 1,
    "pDepend": "",
    "pCaption": "Test Caption",
    "pNotes": "Test Notes"
  },
  {
    "pID": 182,
    "pName": "03 FLOOR",
    "pStart": "2018/05/01",
    "pEnd": "2018/05/01",
    "pClass": "gtaskblue",
    "pLink": "https://xyz.xyz",
    "pMile": 0,
    "pRes": "Test Resource",
    "pComp": 0,
    "pGroup": 0,
    "pParent": 178,
    "pOpen": 1,
    "pDepend": "",
    "pCaption": "Test Caption",
    "pNotes": "Test Notes"
  },
  {
    "pID": 183,
    "pName": "04 FLOOR",
    "pStart": "2018/05/01",
    "pEnd": "2018/05/01",
    "pClass": "gtaskblue",
    "pLink": "https://xyz.xyz",
    "pMile": 0,
    "pRes": "Test Resource",
    "pComp": 0,
    "pGroup": 0,
    "pParent": 178,
    "pOpen": 1,
    "pDepend": "",
    "pCaption": "Test Caption",
    "pNotes": "Test Notes"
  },
  {
    "pID": 184,
    "pName": "05 FLOOR",
    "pStart": "2018/05/01",
    "pEnd": "2018/05/01",
    "pClass": "gtaskblue",
    "pLink": "https://xyz.xyz",
    "pMile": 0,
    "pRes": "Test Resource",
    "pComp": 0,
    "pGroup": 0,
    "pParent": 178,
    "pOpen": 1,
    "pDepend": "",
    "pCaption": "Test Caption",
    "pNotes": "Test Notes"
  },
  {
    "pID": 185,
    "pName": "06 FLOOR",
    "pStart": "2018/05/01",
    "pEnd": "2018/05/01",
    "pClass": "gtaskblue",
    "pLink": "https://xyz.xyz",
    "pMile": 0,
    "pRes": "Test Resource",
    "pComp": 0,
    "pGroup": 0,
    "pParent": 178,
    "pOpen": 1,
    "pDepend": "",
    "pCaption": "Test Caption",
    "pNotes": "Test Notes"
  },
  {
    "pID": 186,
    "pName": "07 FLOOR",
    "pStart": "2018/05/01",
    "pEnd": "2018/05/01",
    "pClass": "gtaskblue",
    "pLink": "https://xyz.xyz",
    "pMile": 0,
    "pRes": "Test Resource",
    "pComp": 0,
    "pGroup": 0,
    "pParent": 178,
    "pOpen": 1,
    "pDepend": "",
    "pCaption": "Test Caption",
    "pNotes": "Test Notes"
  },
  {
    "pID": 187,
    "pName": "08 FLOOR (TERRACE FLOOR)",
    "pStart": "2018/05/02",
    "pEnd": "2018/06/06",
    "pClass": "gtaskblue",
    "pLink": "https://xyz.xyz",
    "pMile": 0,
    "pRes": "Test Resource",
    "pComp": 0,
    "pGroup": 0,
    "pParent": 178,
    "pOpen": 1,
    "pDepend": "186,",
    "pCaption": "Test Caption",
    "pNotes": "Test Notes"
  },
  {
    "pID": 188,
    "pName": "RCC  WATER TANK",
    "pStart": "2018/06/07",
    "pEnd": "2018/07/07",
    "pClass": "gtaskblue",
    "pLink": "https://xyz.xyz",
    "pMile": 0,
    "pRes": "Test Resource",
    "pComp": 0,
    "pGroup": 0,
    "pParent": 178,
    "pOpen": 1,
    "pDepend": "187,",
    "pCaption": "Test Caption",
    "pNotes": "Test Notes"
  },
  {
    "pID": 189,
    "pName": "RCC  PARAPET",
    "pStart": "2018/06/07",
    "pEnd": "2018/07/02",
    "pClass": "gtaskblue",
    "pLink": "https://xyz.xyz",
    "pMile": 0,
    "pRes": "Test Resource",
    "pComp": 0,
    "pGroup": 0,
    "pParent": 178,
    "pOpen": 1,
    "pDepend": "187,",
    "pCaption": "Test Caption",
    "pNotes": "Test Notes"
  },
  {
    "pID": 190,
    "pName": "BLOCKWORK",
    "pStart": "2018/05/17",
    "pEnd": "2018/09/26",
    "pClass": "ggroupblack",
    "pLink": "https://xyz.xyz",
    "pMile": 0,
    "pRes": "Test Resource",
    "pComp": 0,
    "pGroup": 1,
    "pParent": 173,
    "pOpen": 1,
    "pDepend": "",
    "pCaption": "Test Caption",
    "pNotes": "Test Notes"
  },
  {
    "pID": 191,
    "pName": "GROUND FLOOR",
    "pStart": "2018/09/11",
    "pEnd": "2018/09/26",
    "pClass": "gtaskblue",
    "pLink": "https://xyz.xyz",
    "pMile": 0,
    "pRes": "Test Resource",
    "pComp": 0,
    "pGroup": 0,
    "pParent": 190,
    "pOpen": 1,
    "pDepend": "198,",
    "pCaption": "Test Caption",
    "pNotes": "Test Notes"
  },
  {
    "pID": 192,
    "pName": "01 FLOOR",
    "pStart": "2018/05/17",
    "pEnd": "2018/06/10",
    "pClass": "gtaskblue",
    "pLink": "https://xyz.xyz",
    "pMile": 0,
    "pRes": "Test Resource",
    "pComp": 0,
    "pGroup": 0,
    "pParent": 190,
    "pOpen": 1,
    "pDepend": "181,182,",
    "pCaption": "Test Caption",
    "pNotes": "Test Notes"
  },
  {
    "pID": 193,
    "pName": "02 FLOOR",
    "pStart": "2018/06/11",
    "pEnd": "2018/06/26",
    "pClass": "gtaskblue",
    "pLink": "https://xyz.xyz",
    "pMile": 0,
    "pRes": "Test Resource",
    "pComp": 0,
    "pGroup": 0,
    "pParent": 190,
    "pOpen": 1,
    "pDepend": "192,",
    "pCaption": "Test Caption",
    "pNotes": "Test Notes"
  },
  {
    "pID": 194,
    "pName": "03 FLOOR",
    "pStart": "2018/06/27",
    "pEnd": "2018/07/11",
    "pClass": "gtaskblue",
    "pLink": "https://xyz.xyz",
    "pMile": 0,
    "pRes": "Test Resource",
    "pComp": 0,
    "pGroup": 0,
    "pParent": 190,
    "pOpen": 1,
    "pDepend": "193,",
    "pCaption": "Test Caption",
    "pNotes": "Test Notes"
  },
  {
    "pID": 195,
    "pName": "04 FLOOR",
    "pStart": "2018/07/12",
    "pEnd": "2018/07/26",
    "pClass": "gtaskblue",
    "pLink": "https://xyz.xyz",
    "pMile": 0,
    "pRes": "Test Resource",
    "pComp": 0,
    "pGroup": 0,
    "pParent": 190,
    "pOpen": 1,
    "pDepend": "194,",
    "pCaption": "Test Caption",
    "pNotes": "Test Notes"
  },
  {
    "pID": 196,
    "pName": "05 FLOOR",
    "pStart": "2018/07/27",
    "pEnd": "2018/08/10",
    "pClass": "gtaskblue",
    "pLink": "https://xyz.xyz",
    "pMile": 0,
    "pRes": "Test Resource",
    "pComp": 0,
    "pGroup": 0,
    "pParent": 190,
    "pOpen": 1,
    "pDepend": "195,",
    "pCaption": "Test Caption",
    "pNotes": "Test Notes"
  },
  {
    "pID": 197,
    "pName": "06 FLOOR",
    "pStart": "2018/08/11",
    "pEnd": "2018/08/26",
    "pClass": "gtaskblue",
    "pLink": "https://xyz.xyz",
    "pMile": 0,
    "pRes": "Test Resource",
    "pComp": 0,
    "pGroup": 0,
    "pParent": 190,
    "pOpen": 1,
    "pDepend": "196,",
    "pCaption": "Test Caption",
    "pNotes": "Test Notes"
  },
  {
    "pID": 198,
    "pName": "07 FLOOR",
    "pStart": "2018/08/27",
    "pEnd": "2018/09/10",
    "pClass": "gtaskblue",
    "pLink": "https://xyz.xyz",
    "pMile": 0,
    "pRes": "Test Resource",
    "pComp": 0,
    "pGroup": 0,
    "pParent": 190,
    "pOpen": 1,
    "pDepend": "197,",
    "pCaption": "Test Caption",
    "pNotes": "Test Notes"
  },
  {
    "pID": 199,
    "pName": "INT PLASTER ",
    "pStart": "2018/06/27",
    "pEnd": "2018/10/01",
    "pClass": "ggroupblack",
    "pLink": "https://xyz.xyz",
    "pMile": 0,
    "pRes": "Test Resource",
    "pComp": 0,
    "pGroup": 1,
    "pParent": 173,
    "pOpen": 1,
    "pDepend": "",
    "pCaption": "Test Caption",
    "pNotes": "Test Notes"
  },
  {
    "pID": 200,
    "pName": "GROUND FLOOR",
    "pStart": "2018/09/22",
    "pEnd": "2018/10/01",
    "pClass": "gtaskblue",
    "pLink": "https://xyz.xyz",
    "pMile": 0,
    "pRes": "Test Resource",
    "pComp": 0,
    "pGroup": 0,
    "pParent": 199,
    "pOpen": 1,
    "pDepend": "207,",
    "pCaption": "Test Caption",
    "pNotes": "Test Notes"
  },
  {
    "pID": 201,
    "pName": "01 FLOOR",
    "pStart": "2018/06/27",
    "pEnd": "2018/07/11",
    "pClass": "gtaskblue",
    "pLink": "https://xyz.xyz",
    "pMile": 0,
    "pRes": "Test Resource",
    "pComp": 0,
    "pGroup": 0,
    "pParent": 199,
    "pOpen": 1,
    "pDepend": "193,",
    "pCaption": "Test Caption",
    "pNotes": "Test Notes"
  },
  {
    "pID": 202,
    "pName": "02 FLOOR",
    "pStart": "2018/07/12",
    "pEnd": "2018/07/21",
    "pClass": "gtaskblue",
    "pLink": "https://xyz.xyz",
    "pMile": 0,
    "pRes": "Test Resource",
    "pComp": 0,
    "pGroup": 0,
    "pParent": 199,
    "pOpen": 1,
    "pDepend": "193,201,",
    "pCaption": "Test Caption",
    "pNotes": "Test Notes"
  },
  {
    "pID": 203,
    "pName": "03 FLOOR",
    "pStart": "2018/07/22",
    "pEnd": "2018/07/31",
    "pClass": "gtaskblue",
    "pLink": "https://xyz.xyz",
    "pMile": 0,
    "pRes": "Test Resource",
    "pComp": 0,
    "pGroup": 0,
    "pParent": 199,
    "pOpen": 1,
    "pDepend": "194,202,",
    "pCaption": "Test Caption",
    "pNotes": "Test Notes"
  },
  {
    "pID": 204,
    "pName": "04 FLOOR",
    "pStart": "2018/08/01",
    "pEnd": "2018/08/10",
    "pClass": "gtaskblue",
    "pLink": "https://xyz.xyz",
    "pMile": 0,
    "pRes": "Test Resource",
    "pComp": 0,
    "pGroup": 0,
    "pParent": 199,
    "pOpen": 1,
    "pDepend": "195,203,",
    "pCaption": "Test Caption",
    "pNotes": "Test Notes"
  },
  {
    "pID": 205,
    "pName": "05 FLOOR",
    "pStart": "2018/08/11",
    "pEnd": "2018/08/21",
    "pClass": "gtaskblue",
    "pLink": "https://xyz.xyz",
    "pMile": 0,
    "pRes": "Test Resource",
    "pComp": 0,
    "pGroup": 0,
    "pParent": 199,
    "pOpen": 1,
    "pDepend": "196,204,",
    "pCaption": "Test Caption",
    "pNotes": "Test Notes"
  },
  {
    "pID": 206,
    "pName": "06 FLOOR",
    "pStart": "2018/08/27",
    "pEnd": "2018/09/05",
    "pClass": "gtaskblue",
    "pLink": "https://xyz.xyz",
    "pMile": 0,
    "pRes": "Test Resource",
    "pComp": 0,
    "pGroup": 0,
    "pParent": 199,
    "pOpen": 1,
    "pDepend": "197,205,",
    "pCaption": "Test Caption",
    "pNotes": "Test Notes"
  },
  {
    "pID": 207,
    "pName": "07 FLOOR",
    "pStart": "2018/09/11",
    "pEnd": "2018/09/21",
    "pClass": "gtaskblue",
    "pLink": "https://xyz.xyz",
    "pMile": 0,
    "pRes": "Test Resource",
    "pComp": 0,
    "pGroup": 0,
    "pParent": 199,
    "pOpen": 1,
    "pDepend": "198,206,",
    "pCaption": "Test Caption",
    "pNotes": "Test Notes"
  },
  {
    "pID": 208,
    "pName": "GYP WORK / PUTTY",
    "pStart": "2018/06/27",
    "pEnd": "2018/09/26",
    "pClass": "ggroupblack",
    "pLink": "https://xyz.xyz",
    "pMile": 0,
    "pRes": "Test Resource",
    "pComp": 0,
    "pGroup": 1,
    "pParent": 173,
    "pOpen": 1,
    "pDepend": "",
    "pCaption": "Test Caption",
    "pNotes": "Test Notes"
  },
  {
    "pID": 209,
    "pName": "GROUND FLOOR",
    "pStart": "2018/09/16",
    "pEnd": "2018/09/26",
    "pClass": "gtaskblue",
    "pLink": "https://xyz.xyz",
    "pMile": 0,
    "pRes": "Test Resource",
    "pComp": 0,
    "pGroup": 0,
    "pParent": 208,
    "pOpen": 1,
    "pDepend": "216,",
    "pCaption": "Test Caption",
    "pNotes": "Test Notes"
  },
  {
    "pID": 210,
    "pName": "01 FLOOR",
    "pStart": "2018/06/27",
    "pEnd": "2018/07/11",
    "pClass": "gtaskblue",
    "pLink": "https://xyz.xyz",
    "pMile": 0,
    "pRes": "Test Resource",
    "pComp": 0,
    "pGroup": 0,
    "pParent": 208,
    "pOpen": 1,
    "pDepend": "193,",
    "pCaption": "Test Caption",
    "pNotes": "Test Notes"
  },
  {
    "pID": 211,
    "pName": "02 FLOOR",
    "pStart": "2018/07/12",
    "pEnd": "2018/07/21",
    "pClass": "gtaskblue",
    "pLink": "https://xyz.xyz",
    "pMile": 0,
    "pRes": "Test Resource",
    "pComp": 0,
    "pGroup": 0,
    "pParent": 208,
    "pOpen": 1,
    "pDepend": "210,201,",
    "pCaption": "Test Caption",
    "pNotes": "Test Notes"
  },
  {
    "pID": 212,
    "pName": "03 FLOOR",
    "pStart": "2018/07/22",
    "pEnd": "2018/07/31",
    "pClass": "gtaskblue",
    "pLink": "https://xyz.xyz",
    "pMile": 0,
    "pRes": "Test Resource",
    "pComp": 0,
    "pGroup": 0,
    "pParent": 208,
    "pOpen": 1,
    "pDepend": "211,202,",
    "pCaption": "Test Caption",
    "pNotes": "Test Notes"
  },
  {
    "pID": 213,
    "pName": "04 FLOOR",
    "pStart": "2018/08/01",
    "pEnd": "2018/08/10",
    "pClass": "gtaskblue",
    "pLink": "https://xyz.xyz",
    "pMile": 0,
    "pRes": "Test Resource",
    "pComp": 0,
    "pGroup": 0,
    "pParent": 208,
    "pOpen": 1,
    "pDepend": "212,203,",
    "pCaption": "Test Caption",
    "pNotes": "Test Notes"
  },
  {
    "pID": 214,
    "pName": "05 FLOOR",
    "pStart": "2018/08/11",
    "pEnd": "2018/08/21",
    "pClass": "gtaskblue",
    "pLink": "https://xyz.xyz",
    "pMile": 0,
    "pRes": "Test Resource",
    "pComp": 0,
    "pGroup": 0,
    "pParent": 208,
    "pOpen": 1,
    "pDepend": "213,204,",
    "pCaption": "Test Caption",
    "pNotes": "Test Notes"
  },
  {
    "pID": 215,
    "pName": "06 FLOOR",
    "pStart": "2018/08/22",
    "pEnd": "2018/08/31",
    "pClass": "gtaskblue",
    "pLink": "https://xyz.xyz",
    "pMile": 0,
    "pRes": "Test Resource",
    "pComp": 0,
    "pGroup": 0,
    "pParent": 208,
    "pOpen": 1,
    "pDepend": "214,205,",
    "pCaption": "Test Caption",
    "pNotes": "Test Notes"
  },
  {
    "pID": 216,
    "pName": "07 FLOOR",
    "pStart": "2018/09/06",
    "pEnd": "2018/09/15",
    "pClass": "gtaskblue",
    "pLink": "https://xyz.xyz",
    "pMile": 0,
    "pRes": "Test Resource",
    "pComp": 0,
    "pGroup": 0,
    "pParent": 208,
    "pOpen": 1,
    "pDepend": "215,206,",
    "pCaption": "Test Caption",
    "pNotes": "Test Notes"
  },
  {
    "pID": 217,
    "pName": "WATERPROOFING",
    "pStart": "2018/07/07",
    "pEnd": "2018/10/17",
    "pClass": "ggroupblack",
    "pLink": "https://xyz.xyz",
    "pMile": 0,
    "pRes": "Test Resource",
    "pComp": 0,
    "pGroup": 1,
    "pParent": 173,
    "pOpen": 1,
    "pDepend": "",
    "pCaption": "Test Caption",
    "pNotes": "Test Notes"
  },
  {
    "pID": 218,
    "pName": "GROUND FLOOR",
    "pStart": "2018/09/16",
    "pEnd": "2018/09/26",
    "pClass": "gtaskblue",
    "pLink": "https://xyz.xyz",
    "pMile": 0,
    "pRes": "Test Resource",
    "pComp": 0,
    "pGroup": 0,
    "pParent": 217,
    "pOpen": 1,
    "pDepend": "225,",
    "pCaption": "Test Caption",
    "pNotes": "Test Notes"
  },
  {
    "pID": 219,
    "pName": "01 FLOOR",
    "pStart": "2018/07/07",
    "pEnd": "2018/07/16",
    "pClass": "gtaskblue",
    "pLink": "https://xyz.xyz",
    "pMile": 0,
    "pRes": "Test Resource",
    "pComp": 0,
    "pGroup": 0,
    "pParent": 217,
    "pOpen": 1,
    "pDepend": "201SS,",
    "pCaption": "Test Caption",
    "pNotes": "Test Notes"
  },
  {
    "pID": 220,
    "pName": "02 FLOOR",
    "pStart": "2018/07/17",
    "pEnd": "2018/07/26",
    "pClass": "gtaskblue",
    "pLink": "https://xyz.xyz",
    "pMile": 0,
    "pRes": "Test Resource",
    "pComp": 0,
    "pGroup": 0,
    "pParent": 217,
    "pOpen": 1,
    "pDepend": "219,",
    "pCaption": "Test Caption",
    "pNotes": "Test Notes"
  },
  {
    "pID": 221,
    "pName": "03 FLOOR",
    "pStart": "2018/07/27",
    "pEnd": "2018/08/05",
    "pClass": "gtaskblue",
    "pLink": "https://xyz.xyz",
    "pMile": 0,
    "pRes": "Test Resource",
    "pComp": 0,
    "pGroup": 0,
    "pParent": 217,
    "pOpen": 1,
    "pDepend": "220,",
    "pCaption": "Test Caption",
    "pNotes": "Test Notes"
  },
  {
    "pID": 222,
    "pName": "04 FLOOR",
    "pStart": "2018/08/06",
    "pEnd": "2018/08/16",
    "pClass": "gtaskblue",
    "pLink": "https://xyz.xyz",
    "pMile": 0,
    "pRes": "Test Resource",
    "pComp": 0,
    "pGroup": 0,
    "pParent": 217,
    "pOpen": 1,
    "pDepend": "221,",
    "pCaption": "Test Caption",
    "pNotes": "Test Notes"
  },
  {
    "pID": 223,
    "pName": "05 FLOOR",
    "pStart": "2018/08/17",
    "pEnd": "2018/08/26",
    "pClass": "gtaskblue",
    "pLink": "https://xyz.xyz",
    "pMile": 0,
    "pRes": "Test Resource",
    "pComp": 0,
    "pGroup": 0,
    "pParent": 217,
    "pOpen": 1,
    "pDepend": "222,",
    "pCaption": "Test Caption",
    "pNotes": "Test Notes"
  },
  {
    "pID": 224,
    "pName": "06 FLOOR",
    "pStart": "2018/08/27",
    "pEnd": "2018/09/05",
    "pClass": "gtaskblue",
    "pLink": "https://xyz.xyz",
    "pMile": 0,
    "pRes": "Test Resource",
    "pComp": 0,
    "pGroup": 0,
    "pParent": 217,
    "pOpen": 1,
    "pDepend": "223,",
    "pCaption": "Test Caption",
    "pNotes": "Test Notes"
  },
  {
    "pID": 225,
    "pName": "07 FLOOR",
    "pStart": "2018/09/06",
    "pEnd": "2018/09/15",
    "pClass": "gtaskblue",
    "pLink": "https://xyz.xyz",
    "pMile": 0,
    "pRes": "Test Resource",
    "pComp": 0,
    "pGroup": 0,
    "pParent": 217,
    "pOpen": 1,
    "pDepend": "224,",
    "pCaption": "Test Caption",
    "pNotes": "Test Notes"
  },
  {
    "pID": 226,
    "pName": "WATERPROOFING -BRICKBAT,SCREED",
    "pStart": "2018/09/16",
    "pEnd": "2018/10/17",
    "pClass": "gtaskblue",
    "pLink": "https://xyz.xyz",
    "pMile": 0,
    "pRes": "Test Resource",
    "pComp": 0,
    "pGroup": 0,
    "pParent": 217,
    "pOpen": 1,
    "pDepend": "225,",
    "pCaption": "Test Caption",
    "pNotes": "Test Notes"
  },
  {
    "pID": 227,
    "pName": "WATERPROOFING - WATER TANK",
    "pStart": "2018/09/16",
    "pEnd": "2018/10/17",
    "pClass": "gtaskblue",
    "pLink": "https://xyz.xyz",
    "pMile": 0,
    "pRes": "Test Resource",
    "pComp": 0,
    "pGroup": 0,
    "pParent": 217,
    "pOpen": 1,
    "pDepend": "225,",
    "pCaption": "Test Caption",
    "pNotes": "Test Notes"
  },
  {
    "pID": 228,
    "pName": "TILING",
    "pStart": "2018/08/01",
    "pEnd": "2018/10/17",
    "pClass": "ggroupblack",
    "pLink": "https://xyz.xyz",
    "pMile": 0,
    "pRes": "Test Resource",
    "pComp": 0,
    "pGroup": 1,
    "pParent": 173,
    "pOpen": 1,
    "pDepend": "",
    "pCaption": "Test Caption",
    "pNotes": "Test Notes"
  },
  {
    "pID": 229,
    "pName": "GROUND FLOOR",
    "pStart": "2018/10/08",
    "pEnd": "2018/10/17",
    "pClass": "gtaskblue",
    "pLink": "https://xyz.xyz",
    "pMile": 0,
    "pRes": "Test Resource",
    "pComp": 0,
    "pGroup": 0,
    "pParent": 228,
    "pOpen": 1,
    "pDepend": "209,",
    "pCaption": "Test Caption",
    "pNotes": "Test Notes"
  },
  {
    "pID": 230,
    "pName": "01 FLOOR",
    "pStart": "2018/08/01",
    "pEnd": "2018/08/10",
    "pClass": "gtaskblue",
    "pLink": "https://xyz.xyz",
    "pMile": 0,
    "pRes": "Test Resource",
    "pComp": 0,
    "pGroup": 0,
    "pParent": 228,
    "pOpen": 1,
    "pDepend": "212,",
    "pCaption": "Test Caption",
    "pNotes": "Test Notes"
  },
  {
    "pID": 231,
    "pName": "02 FLOOR",
    "pStart": "2018/08/11",
    "pEnd": "2018/08/21",
    "pClass": "gtaskblue",
    "pLink": "https://xyz.xyz",
    "pMile": 0,
    "pRes": "Test Resource",
    "pComp": 0,
    "pGroup": 0,
    "pParent": 228,
    "pOpen": 1,
    "pDepend": "230,",
    "pCaption": "Test Caption",
    "pNotes": "Test Notes"
  },
  {
    "pID": 232,
    "pName": "03 FLOOR",
    "pStart": "2018/08/22",
    "pEnd": "2018/08/31",
    "pClass": "gtaskblue",
    "pLink": "https://xyz.xyz",
    "pMile": 0,
    "pRes": "Test Resource",
    "pComp": 0,
    "pGroup": 0,
    "pParent": 228,
    "pOpen": 1,
    "pDepend": "231,",
    "pCaption": "Test Caption",
    "pNotes": "Test Notes"
  },
  {
    "pID": 233,
    "pName": "04 FLOOR",
    "pStart": "2018/09/01",
    "pEnd": "2018/09/10",
    "pClass": "gtaskblue",
    "pLink": "https://xyz.xyz",
    "pMile": 0,
    "pRes": "Test Resource",
    "pComp": 0,
    "pGroup": 0,
    "pParent": 228,
    "pOpen": 1,
    "pDepend": "232,",
    "pCaption": "Test Caption",
    "pNotes": "Test Notes"
  },
  {
    "pID": 234,
    "pName": "05 FLOOR",
    "pStart": "2018/09/11",
    "pEnd": "2018/09/21",
    "pClass": "gtaskblue",
    "pLink": "https://xyz.xyz",
    "pMile": 0,
    "pRes": "Test Resource",
    "pComp": 0,
    "pGroup": 0,
    "pParent": 228,
    "pOpen": 1,
    "pDepend": "233,",
    "pCaption": "Test Caption",
    "pNotes": "Test Notes"
  },
  {
    "pID": 235,
    "pName": "06 FLOOR",
    "pStart": "2018/09/22",
    "pEnd": "2018/10/01",
    "pClass": "gtaskblue",
    "pLink": "https://xyz.xyz",
    "pMile": 0,
    "pRes": "Test Resource",
    "pComp": 0,
    "pGroup": 0,
    "pParent": 228,
    "pOpen": 1,
    "pDepend": "234,",
    "pCaption": "Test Caption",
    "pNotes": "Test Notes"
  },
  {
    "pID": 236,
    "pName": "07 FLOOR",
    "pStart": "2018/10/03",
    "pEnd": "2018/10/12",
    "pClass": "gtaskblue",
    "pLink": "https://xyz.xyz",
    "pMile": 0,
    "pRes": "Test Resource",
    "pComp": 0,
    "pGroup": 0,
    "pParent": 228,
    "pOpen": 1,
    "pDepend": "235,",
    "pCaption": "Test Caption",
    "pNotes": "Test Notes"
  },
  {
    "pID": 237,
    "pName": "ALUMINIUM WINDOWS",
    "pStart": "2018/08/11",
    "pEnd": "2018/11/10",
    "pClass": "ggroupblack",
    "pLink": "https://xyz.xyz",
    "pMile": 0,
    "pRes": "Test Resource",
    "pComp": 0,
    "pGroup": 1,
    "pParent": 173,
    "pOpen": 1,
    "pDepend": "",
    "pCaption": "Test Caption",
    "pNotes": "Test Notes"
  },
  {
    "pID": 238,
    "pName": "GROUND FLOOR",
    "pStart": "2018/10/29",
    "pEnd": "2018/11/10",
    "pClass": "gtaskblue",
    "pLink": "https://xyz.xyz",
    "pMile": 0,
    "pRes": "Test Resource",
    "pComp": 0,
    "pGroup": 0,
    "pParent": 237,
    "pOpen": 1,
    "pDepend": "229,",
    "pCaption": "Test Caption",
    "pNotes": "Test Notes"
  },
  {
    "pID": 239,
    "pName": "01 FLOOR",
    "pStart": "2018/08/11",
    "pEnd": "2018/08/21",
    "pClass": "gtaskblue",
    "pLink": "https://xyz.xyz",
    "pMile": 0,
    "pRes": "Test Resource",
    "pComp": 0,
    "pGroup": 0,
    "pParent": 237,
    "pOpen": 1,
    "pDepend": "230,",
    "pCaption": "Test Caption",
    "pNotes": "Test Notes"
  },
  {
    "pID": 240,
    "pName": "02 FLOOR",
    "pStart": "2018/08/22",
    "pEnd": "2018/08/31",
    "pClass": "gtaskblue",
    "pLink": "https://xyz.xyz",
    "pMile": 0,
    "pRes": "Test Resource",
    "pComp": 0,
    "pGroup": 0,
    "pParent": 237,
    "pOpen": 1,
    "pDepend": "231,",
    "pCaption": "Test Caption",
    "pNotes": "Test Notes"
  },
  {
    "pID": 241,
    "pName": "03 FLOOR",
    "pStart": "2018/09/01",
    "pEnd": "2018/09/10",
    "pClass": "gtaskblue",
    "pLink": "https://xyz.xyz",
    "pMile": 0,
    "pRes": "Test Resource",
    "pComp": 0,
    "pGroup": 0,
    "pParent": 237,
    "pOpen": 1,
    "pDepend": "232,",
    "pCaption": "Test Caption",
    "pNotes": "Test Notes"
  },
  {
    "pID": 242,
    "pName": "04 FLOOR",
    "pStart": "2018/09/11",
    "pEnd": "2018/09/21",
    "pClass": "gtaskblue",
    "pLink": "https://xyz.xyz",
    "pMile": 0,
    "pRes": "Test Resource",
    "pComp": 0,
    "pGroup": 0,
    "pParent": 237,
    "pOpen": 1,
    "pDepend": "233,",
    "pCaption": "Test Caption",
    "pNotes": "Test Notes"
  },
  {
    "pID": 243,
    "pName": "05 FLOOR",
    "pStart": "2018/09/22",
    "pEnd": "2018/10/01",
    "pClass": "gtaskblue",
    "pLink": "https://xyz.xyz",
    "pMile": 0,
    "pRes": "Test Resource",
    "pComp": 0,
    "pGroup": 0,
    "pParent": 237,
    "pOpen": 1,
    "pDepend": "234,",
    "pCaption": "Test Caption",
    "pNotes": "Test Notes"
  },
  {
    "pID": 244,
    "pName": "06 FLOOR",
    "pStart": "2018/10/03",
    "pEnd": "2018/10/12",
    "pClass": "gtaskblue",
    "pLink": "https://xyz.xyz",
    "pMile": 0,
    "pRes": "Test Resource",
    "pComp": 0,
    "pGroup": 0,
    "pParent": 237,
    "pOpen": 1,
    "pDepend": "235,",
    "pCaption": "Test Caption",
    "pNotes": "Test Notes"
  },
  {
    "pID": 245,
    "pName": "07 FLOOR",
    "pStart": "2018/10/13",
    "pEnd": "2018/10/23",
    "pClass": "gtaskblue",
    "pLink": "https://xyz.xyz",
    "pMile": 0,
    "pRes": "Test Resource",
    "pComp": 0,
    "pGroup": 0,
    "pParent": 237,
    "pOpen": 1,
    "pDepend": "236,",
    "pCaption": "Test Caption",
    "pNotes": "Test Notes"
  },
  {
    "pID": 246,
    "pName": "DOORS",
    "pStart": "2018/08/11",
    "pEnd": "2018/11/10",
    "pClass": "ggroupblack",
    "pLink": "https://xyz.xyz",
    "pMile": 0,
    "pRes": "Test Resource",
    "pComp": 0,
    "pGroup": 1,
    "pParent": 173,
    "pOpen": 1,
    "pDepend": "",
    "pCaption": "Test Caption",
    "pNotes": "Test Notes"
  },
  {
    "pID": 247,
    "pName": "GROUND FLOOR",
    "pStart": "2018/10/29",
    "pEnd": "2018/11/10",
    "pClass": "gtaskblue",
    "pLink": "https://xyz.xyz",
    "pMile": 0,
    "pRes": "Test Resource",
    "pComp": 0,
    "pGroup": 0,
    "pParent": 246,
    "pOpen": 1,
    "pDepend": "238SS,",
    "pCaption": "Test Caption",
    "pNotes": "Test Notes"
  },
  {
    "pID": 248,
    "pName": "01 FLOOR",
    "pStart": "2018/08/11",
    "pEnd": "2018/08/21",
    "pClass": "gtaskblue",
    "pLink": "https://xyz.xyz",
    "pMile": 0,
    "pRes": "Test Resource",
    "pComp": 0,
    "pGroup": 0,
    "pParent": 246,
    "pOpen": 1,
    "pDepend": "239SS,",
    "pCaption": "Test Caption",
    "pNotes": "Test Notes"
  },
  {
    "pID": 249,
    "pName": "02 FLOOR",
    "pStart": "2018/08/22",
    "pEnd": "2018/08/31",
    "pClass": "gtaskblue",
    "pLink": "https://xyz.xyz",
    "pMile": 0,
    "pRes": "Test Resource",
    "pComp": 0,
    "pGroup": 0,
    "pParent": 246,
    "pOpen": 1,
    "pDepend": "240SS,",
    "pCaption": "Test Caption",
    "pNotes": "Test Notes"
  },
  {
    "pID": 250,
    "pName": "03 FLOOR",
    "pStart": "2018/09/01",
    "pEnd": "2018/09/10",
    "pClass": "gtaskblue",
    "pLink": "https://xyz.xyz",
    "pMile": 0,
    "pRes": "Test Resource",
    "pComp": 0,
    "pGroup": 0,
    "pParent": 246,
    "pOpen": 1,
    "pDepend": "241SS,",
    "pCaption": "Test Caption",
    "pNotes": "Test Notes"
  },
  {
    "pID": 251,
    "pName": "04 FLOOR",
    "pStart": "2018/09/11",
    "pEnd": "2018/09/21",
    "pClass": "gtaskblue",
    "pLink": "https://xyz.xyz",
    "pMile": 0,
    "pRes": "Test Resource",
    "pComp": 0,
    "pGroup": 0,
    "pParent": 246,
    "pOpen": 1,
    "pDepend": "242SS,",
    "pCaption": "Test Caption",
    "pNotes": "Test Notes"
  },
  {
    "pID": 252,
    "pName": "05 FLOOR",
    "pStart": "2018/09/22",
    "pEnd": "2018/10/01",
    "pClass": "gtaskblue",
    "pLink": "https://xyz.xyz",
    "pMile": 0,
    "pRes": "Test Resource",
    "pComp": 0,
    "pGroup": 0,
    "pParent": 246,
    "pOpen": 1,
    "pDepend": "243SS,",
    "pCaption": "Test Caption",
    "pNotes": "Test Notes"
  },
  {
    "pID": 253,
    "pName": "06 FLOOR",
    "pStart": "2018/10/03",
    "pEnd": "2018/10/12",
    "pClass": "gtaskblue",
    "pLink": "https://xyz.xyz",
    "pMile": 0,
    "pRes": "Test Resource",
    "pComp": 0,
    "pGroup": 0,
    "pParent": 246,
    "pOpen": 1,
    "pDepend": "244SS,",
    "pCaption": "Test Caption",
    "pNotes": "Test Notes"
  },
  {
    "pID": 254,
    "pName": "07 FLOOR 255",
    "pStart": "2018/10/13",
    "pEnd": "2018/10/23",
    "pClass": "gtaskblue",
    "pLink": "https://xyz.xyz",
    "pMile": 0,
    "pRes": "Test Resource",
    "pComp": 0,
    "pGroup": 0,
    "pParent": 246,
    "pOpen": 1,
    "pDepend": "245SS,",
    "pCaption": "Test Caption",
    "pNotes": "Test Notes"
  },
  {
    "pID": 255,
    "pName": "FABRICATION",
    "pStart": "2018/10/29",
    "pEnd": "2019/01/19",
    "pClass": "ggroupblack",
    "pLink": "https://xyz.xyz",
    "pMile": 0,
    "pRes": "Test Resource",
    "pComp": 0,
    "pGroup": 1,
    "pParent": 173,
    "pOpen": 1,
    "pDepend": "",
    "pCaption": "Test Caption",
    "pNotes": "Test Notes"
  },
  {
    "pID": 256,
    "pName": "GROUND FLOOR",
    "pStart": "2018/10/29",
    "pEnd": "2018/11/10",
    "pClass": "gtaskblue",
    "pLink": "https://xyz.xyz",
    "pMile": 0,
    "pRes": "Test Resource",
    "pComp": 0,
    "pGroup": 0,
    "pParent": 255,
    "pOpen": 1,
    "pDepend": "247SS,",
    "pCaption": "Test Caption",
    "pNotes": "Test Notes"
  },
  {
    "pID": 257,
    "pName": "01 FLOOR",
    "pStart": "2018/11/11",
    "pEnd": "2018/11/20",
    "pClass": "gtaskblue",
    "pLink": "https://xyz.xyz",
    "pMile": 0,
    "pRes": "Test Resource",
    "pComp": 0,
    "pGroup": 0,
    "pParent": 255,
    "pOpen": 1,
    "pDepend": "256,",
    "pCaption": "Test Caption",
    "pNotes": "Test Notes"
  },
  {
    "pID": 258,
    "pName": "02 FLOOR",
    "pStart": "2018/11/21",
    "pEnd": "2018/11/30",
    "pClass": "gtaskblue",
    "pLink": "https://xyz.xyz",
    "pMile": 0,
    "pRes": "Test Resource",
    "pComp": 0,
    "pGroup": 0,
    "pParent": 255,
    "pOpen": 1,
    "pDepend": "257,",
    "pCaption": "Test Caption",
    "pNotes": "Test Notes"
  },
  {
    "pID": 259,
    "pName": "03 FLOOR LAST AFTER",
    "pStart": "2018/12/01",
    "pEnd": "2018/12/10",
    "pClass": "gtaskblue",
    "pLink": "https://xyz.xyz",
    "pMile": 0,
    "pRes": "Test Resource",
    "pComp": 0,
    "pGroup": 0,
    "pParent": 255,
    "pOpen": 1,
    "pDepend": "258,",
    "pCaption": "Test Caption",
    "pNotes": "Test Notes"
  }
]